category,degree,alname,price_num,price_won,snack,sweet,acid,light,body,carbon,bitter,tannin,nutty,bright,strength,spicy,link
탁주,9,희양산막걸리 9% X 3병,20520,"20,520원","['탕수육', '칠리 새우', '양념 치킨']",2,6,8,5,0,-1,-1,-1,-1,-1,-1,1207
살균탁주,6,자연담은 복분자 막걸리 4병 세트,13000,"13,000원","['전복 버터구이', '삼계탕', '장어구이']",8,3,4,4,0,-1,-1,-1,-1,-1,-1,1201
탁주,6,표문 막걸리 X 4병,18000,"18,000원","['오돌뼈', '피자', '불닭볶음면']",6,5,6,5,0,-1,-1,-1,-1,-1,-1,1199
탁주,12,배금도가 수제 막걸리,7120,"7,120원","['막창', '돼지껍데기', '통닭 구이']",4,8,6,7,0,-1,-1,-1,-1,-1,-1,1198
탁주,6,얼떨결에 퍼플 X 3병,24000,"24,000원","['까르보나라', '맥앤치즈', '피자']",6,7,4,4,7,-1,-1,-1,-1,-1,-1,1189
탁주,8,하얀 까마귀 X 3병,30000,"30,000원","['찜닭', '돈까스', '콘치즈']",7,5,6,7,0,-1,-1,-1,-1,-1,-1,1164
탁주,15,양지백주,20000,"20,000원","['닭볶음탕', '고추장 찌개', '콩나물 무침']",5,7,6,5,0,-1,-1,-1,-1,-1,-1,1158
탁주,9,[마지막 수량] 보일러 틀어놨어 X 2병,16000,"16,000원","['해물찜', '닭갈비', '꼼장어']",5,2,6,5,0,-1,-1,-1,-1,-1,-1,1147
탁주,11,홍천강 탁주 X 2병,32000,"32,000원","['짜장면', '간장 불고기', '오징어 튀김']",4,8,6,6,0,-1,-1,-1,-1,-1,-1,1126
탁주,10,만강에 비친 달 X 2병,32000,"32,000원","['오리 고기', '불고기', '찹스테이크']",6,8,2,8,0,-1,-1,-1,-1,-1,-1,1118
탁주,12,지란지교 무화과 탁주,15000,"15,000원","['불족발', '곱창', '훈제오리 냉채']",8,6,6,7,0,-1,-1,-1,-1,-1,-1,1102
탁주,13,지란지교 탁주,15000,"15,000원","['라자냐', '가지볶음', '버터갈릭 새우']",6,8,5,7,0,-1,-1,-1,-1,-1,-1,1101
탁주,8.5,삼양춘 탁주 라이트 X 3병,22950,"22,950원","['피자', '갈비 구이', '로제 떡볶이']",6,6,6,7,0,-1,-1,-1,-1,-1,-1,1099
탁주,9,냥이탁주 9% X 2병,19000,"19,000원","['해물 파전', '양념 치킨', '간장 불고기']",6,8,4,5,0,-1,-1,-1,-1,-1,-1,1096
탁주,5,냥이탁주 5% fresh X 2병,12000,"12,000원","['골뱅이 무침', '감자전', '브루스케타']",6,7,4,4,0,-1,-1,-1,-1,-1,-1,1095
살균탁주,7,백련 미스티 살균 막걸리,4500,"4,500원","['순대 볶음', '감자전', '갈비찜']",6,3,5,5,0,-1,-1,-1,-1,-1,-1,1093
탁주,15,벗이랑 홍국,12825,"12,825원","['육전', '고추장 삼겹살', '양념 장어구이']",6,4,7,7,0,-1,-1,-1,-1,-1,-1,1072
탁주,15,벗이랑 조릿대,12825,"12,825원","['초콜릿', '동치미막국수', '도넛']",4,4,6,8,0,-1,-1,-1,-1,-1,-1,1071
탁주,15,벗이랑 강황,12825,"12,825원","['초코 케이크', '과일치즈', '크로플']",7,3,7,7,0,-1,-1,-1,-1,-1,-1,1070
탁주,12,용봉백주 오향주 X 2병,40000,"40,000원","['오뎅탕', '낙지 볶음', '두부김치']",3,2,6,7,0,-1,-1,-1,-1,-1,-1,1058
탁주,6.5,별산 막걸리 [3병/5병],27000,"27,000원","['오징어 초무침', '주꾸미 볶음', '양념 치킨']",7,8,6,7,0,-1,-1,-1,-1,-1,-1,362
탁주,11.5,나루 생 막걸리 11.5% [3병/8병],33000,"33,000원","['튀김', '생크림 케이크', '고기 만두']",9,3,4,8,0,-1,-1,-1,-1,-1,-1,320
탁주,6,가덕 순쌀 생 막걸리 X 6병,16400,"16,400원","['육전', '해물 파전', '감자전']",4,4,7,6,6,-1,-1,-1,-1,-1,-1,315
탁주,6,구름을 벗삼아 [10병/12병],17500,"17,500원","['닭볶음탕', '낙지 볶음', '감자전']",8,4,4,6,6,-1,-1,-1,-1,-1,-1,141
탁주,6,나루 생 막걸리 6% [3병/6병],21000,"21,000원","['육포', '크래커', '햄']",7,4,4,3,0,-1,-1,-1,-1,-1,-1,279
탁주,6.5,담은 [3병/6병/10병],33000,"33,000원","['닭볶음탕', '돼지고기 김치찜', '떡볶이']",8,2,4,4,0,-1,-1,-1,-1,-1,-1,133
탁주,6,대왕 산삼 생 막걸리 X 6병,25000,"25,000원","['마라샹궈', '삼계탕', '불고기']",7,2,4,6,3,-1,-1,-1,-1,-1,-1,306
탁주,12,문삼이공 잣,22000,"22,000원","['순대', '불고기', '떡볶이']",8,5,6,8,0,-1,-1,-1,-1,-1,-1,275
탁주,12,문삼이공 탁주,16000,"16,000원","['쫄면', '전복 버터구이', '장어구이']",6,7,6,6,0,-1,-1,-1,-1,-1,-1,282
탁주,12,문희 오미자 가향주,24000,"24,000원","['아구찜', '스테이크', '주꾸미 볶음']",9,6,3,10,0,-1,-1,-1,-1,-1,-1,142
탁주,13,문희,21000,"21,000원","['수육', '순대 볶음', '닭갈비']",9,4,3,10,0,-1,-1,-1,-1,-1,-1,140
탁주,9,배꽃 필 무렵 잣잎 X 3병,50000,"50,000원","['마카롱', '스테이크', '초콜릿']",5,8,5,10,0,-1,-1,-1,-1,-1,-1,318
탁주,6.5,복순도가 손 막걸리 X 3병,36000,"36,000원","['수육', '짜장면', '해물 파전']",7,8,3,4,10,-1,-1,-1,-1,-1,-1,135
탁주,6,청남대 블루베리 생 막걸리 X 6병,25000,"25,000원","['프로슈토', '견과류', '치즈 케이크']",6,4,5,5,6,-1,-1,-1,-1,-1,-1,307
탁주,12.5,삼양춘 탁주,12800,"12,800원","['해물 라면', '코다리찜', '해물 파전']",6,4,6,8,0,-1,-1,-1,-1,-1,-1,72
탁주,6,선호 생 막걸리 X 20병,42500,"42,500원","['두부구이', '나쵸', '해물 파전']",3,6,5,2,7,-1,-1,-1,-1,-1,-1,284
탁주,7,설하담 X 2병,22000,"22,000원","['두부', '순대', '크래커']",6,6,4,3,3,-1,-1,-1,-1,-1,-1,346
탁주,13,세종대왕어주 탁주,18590,"18,590원","['두부구이', '버섯 전골', '오뎅탕']",6,3,7,6,0,-1,-1,-1,-1,-1,-1,207
탁주,15,수제 탁주 바랑,18000,"18,000원","['족발', '불고기', '주꾸미 볶음']",8,8,4,5,0,-1,-1,-1,-1,-1,-1,189
탁주,9,술공방 9.0 X 3병,15000,"15,000원","['닭발', '마라탕', '돼지갈비 찜']",4,7,8,9,6,-1,-1,-1,-1,-1,-1,198
탁주,10.8,술취한 원숭이 X 4병,36000,"36,000원","['떡갈비', '불고기', '양념 치킨']",6,4,7,7,0,-1,-1,-1,-1,-1,-1,75
탁주,8,시향가 X 3병,26000,"26,000원","['조개탕', '부추전', '삼겹살']",6,3,5,3,0,-1,-1,-1,-1,-1,-1,278
탁주,12,오매백주 [3병/12병],22500,"22,500원","['골뱅이 무침', '해물 파전', '족발']",7,3,5,8,0,-1,-1,-1,-1,-1,-1,241
탁주,6,오산 막걸리 [3병/12병],12000,"12,000원","['김치전', '계란말이', '견과류']",4,3,7,7,0,-1,-1,-1,-1,-1,-1,240
탁주,8.5,오희,21000,"21,000원","['조개탕', '바지락 칼국수', '딸기']",7,8,5,4,10,-1,-1,-1,-1,-1,-1,138
탁주,14,천비향 탁주,20000,"20,000원","['닭볶음탕', '비빔밥', '두부부침']",8,4,2,8,0,-1,-1,-1,-1,-1,-1,86
탁주,8,택이 X 2병,22000,"22,000원","['수육', '김치전', '백반']",7,5,5,5,0,-1,-1,-1,-1,-1,-1,88
탁주,6.8,편백숲 산소막걸리 딸기 스파클링,14000,"14,000원","['삼겹살', '양고기', '홍어 무침']",8,8,2,6,10,-1,-1,-1,-1,-1,-1,292
탁주,10,담화탁주 X 2병,18000,"18,000원","['순대 볶음', '양념 치킨', '떡볶이']",8,3,5,7,0,-1,-1,-1,-1,-1,-1,310
탁주,6.5,오미자 생 막걸리 X 10병,20000,"20,000원","['수육', '계란말이', '육전']",6,6,6,4,6,-1,-1,-1,-1,-1,-1,139
탁주,10,백년향,13000,"13,000원","['닭볶음탕', '갈비찜', '주꾸미 볶음']",4,7,8,8,0,-1,-1,-1,-1,-1,-1,144
살균탁주,10.8,붉은 원숭이,9000,"9,000원","['견과류', '치즈 케이크', '크래커']",5,4,7,8,0,-1,-1,-1,-1,-1,-1,153
기타주류,6,괴산 세종 찰옥수수 [6병/12병/20병],16500,"16,500원","['오징어 땅콩', '바닐라 아이스크림', '두부부침']",6,4,6,8,4,-1,-1,-1,-1,-1,-1,124
기타주류,6,세종 알밤주 [6병/12병/20병],16500,"16,500원","['소 불고기', '군만두', '중국식 냉채']",7,4,5,6,0,-1,-1,-1,-1,-1,-1,126
기타주류,6,우도 땅콩 전통주 [6병/12병/20병],25000,"25,000원","['아구찜', '성게보말국', '해물찜']",6,5,6,5,0,-1,-1,-1,-1,-1,-1,117
기타주류,4,조은술 세종 바나나 [6병/12병/20병],16500,"16,500원","['바나나', '감자전', '카스테라']",7,2,5,4,0,-1,-1,-1,-1,-1,-1,119
기타주류,4,펀치 쌀 바나나 X 6병,19800,"19,800원","['낙지 볶음', '김치전', '과일 파르페']",8,3,4,4,5,-1,-1,-1,-1,-1,-1,128
살균약주,13,오메기술 13%,12000,"12,000원","['치즈', '흑돼지 삼겹살', '생선회']",5,4,6,5,-1,4,-1,-1,-1,-1,-1,1217
살균약주,8,보리수헤는밤,12000,"12,000원","['돼지고기 김치찜', '로제 떡볶이', '고추장 찜닭']",6,6,5,5,-1,5,-1,-1,-1,-1,-1,1212
약주,16,청주신선주 약주 16%,25000,"25,000원","['도토리묵 무침', '오징어 초무침', '냉채 족발']",5,6,4,6,-1,7,-1,-1,-1,-1,-1,1205
살균약주,8,매화깊은밤,12000,"12,000원","['차돌박이 숙주 볶음', '시저 샐러드', '백순대 볶음']",7,6,5,6,-1,4,-1,-1,-1,-1,-1,1203
청주,13,서설,15000,"15,000원","['광어회', '어묵전골', '나가사키 짬뽕']",3,2,8,2,-1,4,-1,-1,-1,-1,-1,1187
살균약주,12,우포,10000,"10,000원","['칠리 새우', '불고기', '고구마 맛탕']",7,3,8,4,-1,4,-1,-1,-1,-1,-1,1178
살균약주,12,운암 1945,28000,"28,000원","['소시지', '해물 파전', '생선회']",4,8,5,7,-1,5,-1,-1,-1,-1,-1,1177
약주,16,청비성,24000,"24,000원","['궁중 떡볶이', '간장 치킨', '두부 조림']",6,8,6,7,-1,4,-1,-1,-1,-1,-1,1169
약주,15,모든날에,28000,"28,000원","['간장 게장', '고등어구이', '찜닭']",4,7,7,4,-1,7,-1,-1,-1,-1,-1,1157
약주,10,기다림 흑미 약주,19000,"19,000원","['해물찜', '간장 불고기', '토스트']",6,8,5,6,-1,3,-1,-1,-1,-1,-1,1140
약주,10,기다림 백미 약주,19000,"19,000원","['데리야끼 치킨', '오징어 순대', '꼼장어']",7,8,5,6,-1,3,-1,-1,-1,-1,-1,1139
약주,16,동짓달 기나긴 밤,40000,"40,000원","['닭갈비', '장어구이', '등심 스테이크']",5,6,6,8,-1,8,-1,-1,-1,-1,-1,1125
약주,15,지란지교 약주,20000,"20,000원","['간장 치킨', '굴국', '버섯 볶음']",8,5,4,7,-1,4,-1,-1,-1,-1,-1,1100
약주,13,용봉약주 오향주 X 2병,50000,"50,000원","['보쌈', '오리 구이', '가래떡 구이']",7,4,6,6,-1,5,-1,-1,-1,-1,-1,1057
살균약주,13,궁중술 왕주,7000,"7,000원","['바지락 술찜', '불고기', '찜닭']",6,6,5,5,-1,3,-1,-1,-1,-1,-1,1051
청주,15,한청,20000,"20,000원","['비빔면', '유부초밥', '동치미막국수']",5,6,5,5,-1,3,-1,-1,-1,-1,-1,1050
살균약주,15,오메기술 15%,16000,"16,000원","['수육', '순대 볶음', '돼지국밥']",6,3,7,5,-1,2,-1,-1,-1,-1,-1,1037
살균약주,14,감사 블루,15000,"15,000원","['고등어구이', '육전', '대패 삼겹살']",2,6,5,5,-1,7,-1,-1,-1,-1,-1,1015
약주,14,감사,17000,"17,000원","['두부구이', '버섯 전골', '육회']",7,5,6,4,-1,5,-1,-1,-1,-1,-1,65
약주,14,복단지,20000,"20,000원","['제육 볶음', '돼지갈비 찜', '장어구이']",6,7,4,6,-1,2,-1,-1,-1,-1,-1,226
약주,17,청명주 약주 17%,19500,"19,500원","['매운탕', '고등어 김치찜', '어죽']",7,8,5,6,-1,4,-1,-1,-1,-1,-1,116
약주,16,단상지교,20000,"20,000원","['굴비', '양념갈비', '빈대떡']",8,6,7,8,-1,4,-1,-1,-1,-1,-1,197
약주,17,동몽,34000,"34,000원","['연어 스테이크', '오리 구이', '두부부침']",6,8,6,7,-1,6,-1,-1,-1,-1,-1,350
약주,13,맑은 문희주,46000,"46,000원","['소고기 안심', '차돌박이 숙주 볶음', '생선회']",10,4,4,9,-1,2,-1,-1,-1,-1,-1,145
약주,14,매실 향기 담은 술,21600,"21,600원","['방어회', '감자전', '탕수육']",5,7,6,5,-1,5,-1,-1,-1,-1,-1,339
약주,18,면천 두견주 [2병/4병],50000,"50,000원","['화전', '두부', '월남쌈']",4,4,4,7,-1,6,-1,-1,-1,-1,-1,64
약주,16,문삼이공 약주,26000,"26,000원","['고등어구이', '보쌈', '두부부침']",8,7,6,6,-1,3,-1,-1,-1,-1,-1,283
약주,15,삼양춘 약주,20000,"20,000원","['두부구이', '꼬막 무침', '문어 숙회']",6,4,6,2,-1,5,-1,-1,-1,-1,-1,151
약주,15,세종대왕어주 약주,33000,"33,000원","['조개찜', '호박전', '흰살 생선회']",4,2,6,8,-1,4,-1,-1,-1,-1,-1,208
약주,15,술아 국화주,20000,"20,000원","['약과', '산적 꼬치', '돼지고기 김치찜']",8,4,3,7,-1,4,-1,-1,-1,-1,-1,147
약주,15,술아 매화주,20000,"20,000원","['약과', '산적 꼬치', '돼지고기 김치찜']",8,7,3,7,-1,4,-1,-1,-1,-1,-1,103
약주,20,술아 순곡주,21000,"21,000원","['돼지갈비 찜', '참치회', '어묵전골']",8,4,4,6,-1,2,-1,-1,-1,-1,-1,111
약주,15,술아 연화주,20000,"20,000원","['약과', '산적 꼬치', '돼지고기 김치찜']",8,4,4,6,-1,2,-1,-1,-1,-1,-1,105
약주,15,우리술 오늘 약주,25000,"25,000원","['닭발', '아구찜', '약과']",9,6,2,6,-1,2,-1,-1,-1,-1,-1,106
약주,16,천비향 약주,32000,"32,000원","['소고기 안심', '찜닭', '비빔면']",10,5,2,8,-1,3,-1,-1,-1,-1,-1,87
약주,17.5,수제 약주 별바랑,27000,"27,000원","['밀푀유나베', '산낙지', '족발']",8,6,5,5,-1,4,-1,-1,-1,-1,-1,188
약주,20,경성 과하주,30000,"30,000원","['새우튀김', '갈비찜', '곶감치즈말이']",9,2,6,7,-1,4,-1,-1,-1,-1,-1,225
약주,16,토박이 한산 소곡주,11000,"11,000원","['샤브샤브', '제육 볶음', '약과']",7,4,6,8,-1,5,-1,-1,-1,-1,-1,257
살균약주,8,고흥 유자주 8%,13000,"13,000원","['오일 파스타', '크림 새우', '탕수육']",7,5,6,4,-1,2,-1,-1,-1,-1,-1,194
살균약주,12.5,금산인삼주 약주 [3병/6병/15병],16000,"16,000원","['두부김치', '감자조림', '간장 불고기']",3,8,3,4,-1,4,-1,-1,-1,-1,-1,354
살균약주,15,김포 특주 [12병/20병],47000,"47,000원","['간장 게장', '감자탕', '시금치 무침']",4,3,6,2,-1,4,-1,-1,-1,-1,-1,286
살균약주,15,녹파주,9000,"9,000원","['연잎밥', '쑥전', '문어 숙회']",4,3,7,4,-1,6,-1,-1,-1,-1,-1,313
살균약주,13,능이주,12000,"12,000원","['막창', '시래기 무침', '족발']",4,9,6,6,-1,7,-1,-1,-1,-1,-1,304
살균약주,11,니모메,11000,"11,000원","['동파육', '보쌈', '초밥']",7,4,5,4,-1,7,-1,-1,-1,-1,-1,130
살균약주,13,송이주,12000,"12,000원","['두부구이', '광어회', '등심 스테이크']",4,7,2,5,-1,2,-1,-1,-1,-1,-1,303
살균약주,13,오메기술 13% 2병 세트,24000,"24,000원","['치즈', '흑돼지 삼겹살', '생선회']",5,4,6,5,-1,4,-1,-1,-1,-1,-1,129
살균약주,13,솔송주,8000,"8,000원","['배추전', '문어 숙회', '전복간장조림']",4,3,7,4,-1,4,-1,-1,-1,-1,-1,93
살균약주,14,그리움,20000,"20,000원","['산적 꼬치', '소고기 국밥', '조기구이']",2,6,5,5,-1,7,-1,-1,-1,-1,-1,60
청주,15,삼양춘 청주,17500,"17,500원","['과일치즈', '조개찜', '연어초밥']",5,5,8,6,-1,6,-1,-1,-1,-1,-1,231
청주,16,하타,20000,"20,000원","['오뎅탕', '고등어구이', '생선회']",4,4,4,4,-1,8,-1,-1,-1,-1,-1,199
청주,14,우렁이쌀 청주,16000,"16,000원","['수육', '매운탕', '순대']",8,2,7,8,-1,5,-1,-1,-1,-1,-1,148
기타주류,14,구기홍주,10000,"10,000원","['두부과자', '약과', '땅콩']",6,3,6,3,-1,6,-1,-1,-1,-1,-1,200
기타주류,11,제주 몬순 커피주,12000,"12,000원","['쉬폰 케이크', '비스킷', '모카번']",8,3,8,5,-1,4,-1,-1,-1,-1,-1,281
기타주류,14,홍삼명주,16000,"16,000원","['닭볶음탕', '녹두전', '삼계탕']",4,8,5,4,-1,7,-1,-1,-1,-1,-1,76
과실주,8.5,크라테 자두 와인,22500,"22,500원","['과일치즈', '삼겹살', '소고기 등심구이']",6,7,-1,6,0,-1,6,-1,-1,-1,-1,1202
과실주,16.5,장수 오미자주,5900,"5,900원","['돼지갈비 찜', '간장 불고기', '치킨 샐러드']",7,7,-1,4,0,-1,4,-1,-1,-1,-1,1196
기타주류,8,아카시아 미드 Batch3,21000,"21,000원","['고르곤졸라 피자', '떡꼬치', '허니버터 브레드']",8,4,-1,5,4,-1,2,-1,-1,-1,-1,1188
과실주,9,샤토미소 애플 와인,22000,"22,000원","['수육', '월남쌈', '훈제오리 샐러드']",6,7,-1,4,0,-1,4,-1,-1,-1,-1,1150
과실주,12,샤토미소 랑 화이트와인 (스위트),22000,"22,000원","['LA갈비', '깐쇼새우', '감귤 타르트']",5,7,-1,4,0,-1,6,-1,-1,-1,-1,1149
과실주,12,샤토미소 퀸 아이스와인,100000,"100,000원","['치즈 케이크', '핑거푸드', '가래떡 구이']",9,7,-1,8,0,-1,2,-1,-1,-1,-1,1138
과실주,12,샤토미소 로제와인 (스위트),22000,"22,000원","['과일치즈', '불고기', '로제 떡볶이']",6,6,-1,5,0,-1,4,-1,-1,-1,-1,1137
과실주,12,샤토미소 웨딩 자두와인,22000,"22,000원","['연어 스테이크', '월남쌈', '오징어 튀김']",6,8,-1,5,0,-1,3,-1,-1,-1,-1,1136
과실주,12,그랑꼬또 청수 화이트와인,65000,"65,000원","['게살 볶음밥', '봉골레 파스타', '굴 튀김']",2,7,-1,7,0,-1,4,-1,-1,-1,-1,1134
과실주,9,그랑꼬또 랑 로제와인,33000,"33,000원","['과일치즈', '애플 파이', '꿀떡']",8,5,-1,4,0,-1,3,-1,-1,-1,-1,1132
과실주,4.5,치키피치,6900,"6,900원","['과일 샐러드', '페퍼로니 피자', '복숭아 타르트']",6,7,-1,6,5,-1,2,-1,-1,-1,-1,1124
과실주,12,초선의 꿈 로제와인,20000,"20,000원","['리코타치즈', '가리비 치즈 구이', '요거트']",5,7,-1,4,0,-1,4,-1,-1,-1,-1,1123
과실주,12,여포의 꿈 화이트와인,25000,"25,000원","['떡갈비', '연어 스테이크', '치킨너겟']",6,7,-1,6,0,-1,6,-1,-1,-1,-1,1119
과실주,12,여포의 꿈 레드와인 (드라이),25000,"25,000원","['오리 고기', '안심 스테이크', '삼치구이']",2,7,-1,5,0,-1,6,-1,-1,-1,-1,1116
과실주,12,여포의 꿈 레드와인 (스위트),20000,"20,000원","['과일치즈', '당근 케이크', '솔트 카라멜 아몬드']",7,6,-1,6,2,-1,6,-1,-1,-1,-1,1115
과실주,5,신애유자,5900,"5,900원","['닭가슴살 샐러드', '양념 치킨', '페퍼로니 피자']",5,7,-1,6,5,-1,4,-1,-1,-1,-1,1111
과실주,12,부안 해풍 오디주,12000,"12,000원","['과일치즈', '토스트', '호두강정']",8,6,-1,6,0,-1,3,-1,-1,-1,-1,1098
과실주,10.5,고도리 샤인머스캣 와인 (망고포도),23000,"23,000원","['바질 파스타', '토스트', '루꼴라피자']",6,7,-1,5,0,-1,2,-1,-1,-1,-1,1094
기타주류,16,"동백꽃, 제주",12000,"12,000원","['육포', '크래커', '멜론 프로슈토']",8,4,-1,4,0,-1,0,-1,-1,-1,-1,1064
과실주,12,시나브로 캠벨 스위트,30000,"30,000원","['오리 고기', '스테이크', '페퍼로니 피자']",6,6,-1,6,0,-1,4,-1,-1,-1,-1,1062
과실주,5,시나브로 에뚜왈 로제 스파클링 와인,30000,"30,000원","['프로슈토', '올리브', '크림치즈']",9,6,-1,4,8,-1,3,-1,-1,-1,-1,1061
과실주,11,시나브로 청수 화이트,40000,"40,000원","['새우튀김', '굴', '크림소스 연어 스테이크']",5,6,-1,5,0,-1,3,-1,-1,-1,-1,1060
과실주,4.5,루드베리 X 6병,33900,"33,900원","['크림 파스타', '카프레제', '피자']",6,7,-1,6,5,-1,0,-1,-1,-1,-1,363
과실주,12,세인트하우스 가시오가피 와인,23000,"23,000원","['과일치즈', '제육 볶음', '육회']",7,6,-1,6,0,-1,4,-1,-1,-1,-1,120
과실주,8,오미로제 연,50000,"50,000원","['오일 파스타', '카나페', '마들렌']",3,7,-1,5,8,-1,3,-1,-1,-1,-1,253
과실주,11.5,크라테 산머루 미디엄 드라이,65000,"65,000원","['육포', '연어초밥', '구운 버섯']",4,6,-1,6,0,-1,6,-1,-1,-1,-1,297
과실주,12.5,264 청포도 와인 광야 (Medium Sweet),19000,"19,000원","['초밥', '육회', '족발']",4,6,-1,6,0,-1,5,-1,-1,-1,-1,332
과실주,11.5,264 청포도 와인 꽃 (Sweet),19000,"19,000원","['굴', '브루스케타', '닭가슴살 샐러드']",5,6,-1,6,0,-1,5,-1,-1,-1,-1,330
과실주,13.5,264 청포도 와인 절정 (Dry),19000,"19,000원","['연어 스테이크', '흰살 생선회', '생선찜']",3,7,-1,6,0,-1,4,-1,-1,-1,-1,331
과실주,6.5,고도리 복숭아 와인,23000,"23,000원","['연어샐러드', '리코타치즈', '마들렌']",8,7,-1,4,0,-1,4,-1,-1,-1,-1,190
과실주,11.5,고도리 자두 와인,25000,"25,000원","['크림 파스타', '탕수육', '불고기']",4,8,-1,5,0,-1,4,-1,-1,-1,-1,294
과실주,10,고도리 체리 와인,25000,"25,000원","['고구마', '크로아상', '아몬드']",7,4,-1,6,0,-1,5,-1,-1,-1,-1,293
과실주,10.5,고도리 화이트 청수 와인,25000,"25,000원","['과일 샐러드', '고르곤졸라 피자', '흰살 생선회']",8,6,-1,4,0,-1,2,-1,-1,-1,-1,196
과실주,12,금이산 복숭아 와인,17500,"17,500원","['롤 케이크', '마들렌', '광어회']",8,4,-1,6,0,-1,4,-1,-1,-1,-1,352
과실주,7,댄싱파파,5900,"5,900원","['크림 파스타', '후라이드 치킨', '크래커']",5,4,-1,7,6,-1,0,-1,-1,-1,-1,219
과실주,12,세인트하우스 딸기 와인 (드라이),23000,"23,000원","['치즈', '바비큐 폭립', '불고기']",4,6,-1,5,0,-1,5,-1,-1,-1,-1,118
과실주,12,세인트하우스 모과 와인,23000,"23,000원","['과일치즈', '문어 숙회', '생선회']",8,7,-1,4,0,-1,6,-1,-1,-1,-1,121
과실주,12,세인트하우스 아로니아 와인,23000,"23,000원","['소고기 안심', '삼겹살', '목살 스테이크']",4,5,-1,4,0,-1,9,-1,-1,-1,-1,123
과실주,12,세인트하우스 오미자 와인,20000,"20,000원","['소고기 안심', '피자', '닭가슴살']",4,5,-1,4,0,-1,9,-1,-1,-1,-1,122
과실주,5.5,스윗마마,5900,"5,900원","['카프레제', '호두파이', '비빔면']",8,7,-1,6,3,-1,0,-1,-1,-1,-1,220
과실주,5,시나브로 에뚜왈 화이트 스파클링 와인,30000,"30,000원","['리코타치즈', '시저 샐러드', '프로슈토']",8,5,-1,4,8,-1,3,-1,-1,-1,-1,309
과실주,10.5,고도리 화이트 와인 (스위트),20000,"20,000원","['조개구이', '닭가슴살', '흰살 생선회']",6,6,-1,5,0,-1,2,-1,-1,-1,-1,193
과실주,9,애플사이더 헤베 X 6병,32400,"32,400원","['막국수', '고르곤졸라 피자', '초밥']",4,7,-1,4,4,-1,3,-1,-1,-1,-1,277
과실주,3.5,애피소드 상그리아 X 6병,22200,"22,200원","['과일치즈', '크래커', '쉬폰 케이크']",5,5,-1,5,4,-1,4,-1,-1,-1,-1,110
과실주,3.5,애피소드 애플 X 6병,22200,"22,200원","['과일', '크래커', '햄버거']",6,6,-1,4,4,-1,2,-1,-1,-1,-1,112
과실주,12,오미로제 결,99000,"99,000원","['연어샐러드', '생선회', '더덕구이']",5,5,-1,5,6,-1,3,-1,-1,-1,-1,97
과실주,12,오미로제 프리미어,39000,"39,000원","['버섯구이', '소고기 등심구이', '더덕구이']",3,7,-1,3,0,-1,7,-1,-1,-1,-1,100
과실주,6.7,와쥬블루 X 2병,33900,"33,900원","['스트링치즈', '슬라이스 햄', '고등어 회']",5,6,-1,6,5,-1,2,-1,-1,-1,-1,308
과실주,6.4,요새로제 X 2병,33900,"33,900원","['물회', '라자냐', '치즈 케이크']",7,8,-1,6,5,-1,2,-1,-1,-1,-1,222
과실주,13,부안 참뽕 와인,18000,"18,000원","['블루베리 치즈 케이크', '장어구이', '떡볶이']",8,4,-1,5,0,-1,3,-1,-1,-1,-1,131
과실주,11,추사 블루 스위트,20000,"20,000원","['피칸 파이', '까르보나라', '블루베리파이']",6,4,-1,4,0,-1,3,-1,-1,-1,-1,80
과실주,12,추사 애플 와인,20000,"20,000원","['육회', '불고기', '찜닭']",8,5,-1,6,0,-1,2,-1,-1,-1,-1,82
과실주,11.5,크라테 산머루 드라이,65000,"65,000원","['소고기 안심', '닭 안심 스테이크', '구운 버섯']",3,7,-1,6,0,-1,6,-1,-1,-1,-1,298
과실주,11.5,크라테 로제 미디엄 드라이,22000,"22,000원","['크림 파스타', '베이컨', '조개구이']",4,6,-1,6,0,-1,5,-1,-1,-1,-1,295
과실주,11.5,크라테 화이트 스위트,22000,"22,000원","['치즈', '고르곤졸라 피자', '카프레제']",7,5,-1,6,0,-1,5,-1,-1,-1,-1,296
과실주,11,한스오차드 애플,22400,"22,400원","['제육 볶음', '연어초밥', '리코타치즈']",7,3,-1,6,0,-1,2,-1,-1,-1,-1,113
과실주,12,혼디주,8000,"8,000원","['과일 샐러드', '밀푀유나베', '생선회']",5,8,-1,5,0,-1,2,-1,-1,-1,-1,224
기타주류,10,허니문 와인,35000,"35,000원","['산적 꼬치', '마카롱', '쉬폰 케이크']",6,3,-1,4,0,-1,2,-1,-1,-1,-1,96
기타주류,8,허니비 와인,35000,"35,000원","['약과', '핑거푸드', '다식']",7,4,-1,4,0,-1,2,-1,-1,-1,-1,98
증류식소주,25,용봉소주 25% [2병/3병],56050,"56,050원","['대구지리탕', '어묵전골', '평양냉면']",-1,-1,-1,5,-1,-1,-1,4,6,5,5,1190
증류식소주,25,농태기 25%,12000,"12,000원","['들깨수제비', '순대국', '돼지국밥']",-1,-1,-1,6,-1,-1,-1,4,5,6,6,1171
증류식소주,40,달홀진주 40%,18500,"18,500원","['골뱅이 무침', '오일 파스타', '감바스']",-1,-1,-1,7,-1,-1,-1,5,7,7,7,1170
리큐르,40,진도 아리랑 홍주 40%,17900,"17,900원","['까르보나라', '밀푀유나베', '양갈비 구이']",-1,-1,-1,7,-1,-1,-1,2,7,8,6,1167
증류식소주,25,한주 25%,9900,"9,900원","['바지락 술찜', '오뎅탕', '삼겹살']",-1,-1,-1,5,-1,-1,-1,3,4,4,5,1166
증류식소주,40,여유 40%,25800,"25,800원","['육전', '방어회', '양갈비 구이']",-1,-1,-1,7,-1,-1,-1,4,8,8,7,1165
일반증류주,40,샤토미소 영동,33000,"33,000원","['방어회', '대구지리탕', '삼치구이']",-1,-1,-1,8,-1,-1,-1,4,7,8,8,1156
일반증류주,45,양조학당 애,30000,"30,000원","['마라샹궈', '양꼬치', '양장피']",-1,-1,-1,8,-1,-1,-1,8,4,8,7,1129
증류식소주,25,모월 로 25%,30000,"30,000원","['닭발', '삼겹살', '육회']",-1,-1,-1,5,-1,-1,-1,4,6,5,4,1128
증류식소주,41,모월 인 41%,50000,"50,000원","['닭 안심 스테이크', '숯불 돼지구이', '알탕']",-1,-1,-1,7,-1,-1,-1,8,2,7,8,1122
일반증류주,35,두레앙 일반증류주 35%,35000,"35,000원","['육포', '샤브샤브', '안심 스테이크']",-1,-1,-1,7,-1,-1,-1,0,8,8,8,1113
일반증류주,22,두레앙 22% X 6병,36000,"36,000원","['바지락 술찜', '순대', '불고기 샐러드']",-1,-1,-1,5,-1,-1,-1,2,5,4,4,1112
증류식소주,30,무작 30%,35000,"35,000원","['메밀 전병', '고추장 삼겹살', '해물 순두부']",-1,-1,-1,7,-1,-1,-1,5,6,7,7,1110
증류식소주,53,무작 53%,100000,"100,000원","['곱창전골', '참치회', '대구지리탕']",-1,-1,-1,10,-1,-1,-1,9,6,10,9,1109
일반증류주,40,막시모,49000,"49,000원","['곱창', '다크 초콜릿', '훈제오리 샐러드']",-1,-1,-1,8,-1,-1,-1,2,9,9,8,1107
일반증류주,25,솔섬25,10000,"10,000원","['떡갈비', '양고기', '고등어 회']",-1,-1,-1,6,-1,-1,-1,2,6,7,5,1106
일반증류주,17,솔섬17,7000,"7,000원","['제육 볶음', '오징어 초무침', '콩나물 불고기']",-1,-1,-1,4,-1,-1,-1,2,6,6,4,1105
증류식소주,40,안동소주 일품 40% 골드,28000,"28,000원","['고등어구이', '산적 꼬치', '삼겹살']",-1,-1,-1,7,-1,-1,-1,8,4,8,8,1092
일반증류주,52,밀담 52%,23400,"23,400원","['양념갈비', '양꼬치', '칠리 새우']",-1,-1,-1,9,-1,-1,-1,1,9,10,10,1085
일반증류주,18,삼천갑자 동방주,15000,"15,000원","['더덕구이', '한방백숙', '닭곰탕']",-1,-1,-1,4,-1,-1,-1,3,4,5,3,1074
증류식소주,19,모리,9800,"9,800원","['바지락 술찜', '굴', '연어회']",-1,-1,-1,5,-1,-1,-1,5,4,4,3,1065
일반증류주,25,추사 백 25%,12000,"12,000원","['샤브샤브', '보쌈', '양꼬치']",-1,-1,-1,7,-1,-1,-1,2,7,6,5,1063
일반증류주,40,만월 40%,18000,"18,000원","['삼겹살', '방어회', '고등어 회']",-1,-1,-1,8,-1,-1,-1,2,10,10,8,1054
일반증류주,35,금설,35000,"35,000원","['버섯 전골', '삼계탕', '농어회']",-1,-1,-1,7,-1,-1,-1,7,3,7,7,1049
일반증류주,24,만월 24%,12000,"12,000원","['바지락 술찜', '참치회', '참소라']",-1,-1,-1,6,-1,-1,-1,0,8,5,6,1043
일반증류주,25,문경바람 오크 25%,17600,"17,600원","['육포', '베이컨', '견과류']",-1,-1,-1,7,-1,-1,-1,3,6,6,6,1021
증류식소주,40,고소리술 40%,32000,"32,000원","['삼겹살', '곱창', '돼지고기 김치찜']",-1,-1,-1,9,-1,-1,-1,8,2,8,8,1020
일반증류주,25,문경바람 백자 25%,16500,"16,500원","['과일 샐러드', '리코타치즈', '견과류']",-1,-1,-1,6,-1,-1,-1,2,5,5,5,1019
증류식소주,54,미르 54%,40000,"40,000원","['족발', '해물탕', '도미회']",-1,-1,-1,10,-1,-1,-1,8,2,9,9,1018
증류식소주,40,미르 40%,29000,"29,000원","['밀푀유나베', '만두 전골', '도미회']",-1,-1,-1,8,-1,-1,-1,8,2,7,8,1016
증류식소주,42,이도 42%,26000,"26,000원","['불고기', '닭갈비', '해물탕']",-1,-1,-1,8,-1,-1,-1,8,2,8,7,1014
증류식소주,32,이도 32%,18500,"18,500원","['닭발', '삼겹살', '곱창']",-1,-1,-1,7,-1,-1,-1,7,4,7,7,1013
증류식소주,25,이도 25%,13000,"13,000원","['매운탕', '더덕구이', '올갱이국']",-1,-1,-1,6,-1,-1,-1,6,2,6,5,1012
증류식소주,53,진맥소주 53%,39000,"39,000원","['보쌈', '장어구이', '안심 스테이크']",-1,-1,-1,10,-1,-1,-1,9,3,9,9,1008
증류식소주,45,겨울소주 45%,25000,"25,000원","['버섯 전골', '삼계탕', '갈비찜']",-1,-1,-1,8,-1,-1,-1,8,2,8,8,1007
증류식소주,40,려 고구마 증류소주 40%,39900,"39,900원","['동파육', '곱창', '족발']",-1,-1,-1,7,-1,-1,-1,7,4,9,6,358
증류식소주,25,려 고구마 증류소주 25%,21850,"21,850원","['불고기', '두부김치', '감자조림']",-1,-1,-1,6,-1,-1,-1,6,4,7,5,357
증류식소주,22,진맥소주 22%,22000,"22,000원","['떡갈비', '수육', '전어회']",-1,-1,-1,6,-1,-1,-1,8,5,7,6,475
리큐르,16,꿀샘16,15000,"15,000원","['고르곤졸라 피자', '브루스케타', '떡꼬치']",-1,-1,-1,4,-1,-1,-1,0,6,6,6,254
리큐르,40,담솔,19000,"19,000원","['두부전골', '돼지갈비 찜', '대구지리탕']",-1,-1,-1,4,-1,-1,-1,2,8,7,4,95
리큐르,13,매실원주,4900,"4,900원","['골뱅이 소면 무침', '카프레제', '냉채 족발']",-1,-1,-1,4,-1,-1,-1,0,7,7,3,77
리큐르,25,서울의 밤,7200,"7,200원","['샤브샤브', '광어회', '주꾸미 볶음']",-1,-1,-1,4,-1,-1,-1,0,8,6,5,70
리큐르,16,술샘16,12000,"12,000원","['막국수', '과일치즈', '연어샐러드']",-1,-1,-1,4,-1,-1,-1,0,7,7,5,66
리큐르,19,술샘19,12000,"12,000원","['고등어 회', '크림소스 연어 스테이크', '장어구이']",-1,-1,-1,5,-1,-1,-1,5,6,6,5,299
리큐르,17,아이엠더문 오리지널 / 화이트,28000,"28,000원","['카나페', '연어샐러드', '치즈 케이크']",-1,-1,-1,7,-1,-1,-1,2,8,8,4,300
일반증류주,40,문경바람 백자 40%,25500,"25,500원","['삼겹살', '곱창', '고등어 회']",-1,-1,-1,5,-1,-1,-1,2,7,8,6,90
일반증류주,40,밀담 40%,19900,"19,900원","['아몬드', '치즈플레이트', '파인애플']",-1,-1,-1,7,-1,-1,-1,2,8,8,7,326
일반증류주,40,추사 40%,25000,"25,000원","['육포', '견과류', '크래커']",-1,-1,-1,6,-1,-1,-1,2,8,8,4,81
일반증류주,52,고운달 백자 (세트포장),180000,"180,000원","['과일', '견과류', '초콜릿']",-1,-1,-1,8,-1,-1,-1,4,8,9,6,92
일반증류주,52,고운달 오크 (세트포장),180000,"180,000원","['과일', '견과류', '초콜릿']",-1,-1,-1,8,-1,-1,-1,2,8,9,6,94
일반증류주,40,문경바람 오크 40%,30000,"30,000원","['육포', '견과류', '초콜릿']",-1,-1,-1,6,-1,-1,-1,2,8,8,8,89
일반증류주,25,미상 25%,13000,"13,000원","['삼겹살', '문어 숙회', '해삼']",-1,-1,-1,4,-1,-1,-1,2,7,5,4,327
일반증류주,24,밀담 24%,15000,"15,000원","['아몬드', '치즈플레이트', '파인애플']",-1,-1,-1,7,-1,-1,-1,2,5,5,4,325
일반증류주,40,병영설성 사또,42000,"42,000원","['삼겹살', '명란젓', '장어구이']",-1,-1,-1,6,-1,-1,-1,4,8,7,7,182
일반증류주,44,부자진 오미자,30000,"30,000원","['마라샹궈', '양꼬치', '버섯구이']",-1,-1,-1,8,-1,-1,-1,2,7,7,8,353
일반증류주,23,금산인삼주 수삼 23%,15000,"15,000원","['연포탕', '삼계탕', '장어구이']",-1,-1,-1,6,-1,-1,-1,6,4,6,4,340
일반증류주,33,왕율주 33% X 4병,38000,"38,000원","['딱새우 회', '전어회', '갈비 구이']",-1,-1,-1,6,-1,-1,-1,8,4,8,3,276
일반증류주,41,토박이 소곡화주,30000,"30,000원","['조개구이', '산낙지', '불고기']",-1,-1,-1,6,-1,-1,-1,7,6,7,8,312
일반증류주,25,화주,16000,"16,000원","['견과류', '한우 스테이크', '스모크치즈']",-1,-1,-1,5,-1,-1,-1,5,6,6,4,314
일반증류주,44,부자진,31000,"31,000원","['육포', '목살구이', '참치타다끼']",-1,-1,-1,8,-1,-1,-1,2,7,7,8,255
증류식소주,25,겨울소주 25%,10000,"10,000원","['매운탕', '삼겹살', '오돌뼈']",-1,-1,-1,7,-1,-1,-1,8,4,7,4,202
증류식소주,29,고소리술 29%,24000,"24,000원","['수육', '문어 숙회', '두부김치']",-1,-1,-1,8,-1,-1,-1,7,2,7,6,125
증류식소주,30,독산 30%,30000,"30,000원","['육포', '연포탕', '흰살 생선회']",-1,-1,-1,7,-1,-1,-1,7,4,6,7,243
증류식소주,53,독산 53%,35000,"35,000원","['육포', '연포탕', '흰살 생선회']",-1,-1,-1,8,-1,-1,-1,8,4,8,8,244
증류식소주,25,려 증류소주 25%,14250,"14,250원","['조개구이', '육회', '홍어 무침']",-1,-1,-1,5,-1,-1,-1,5,6,6,6,345
증류식소주,40,려 증류소주 40%,21850,"21,850원","['곱창', '양꼬치', '참치회']",-1,-1,-1,7,-1,-1,-1,6,7,8,9,324
증류식소주,40,병영소주,42000,"42,000원","['삼겹살', '명란젓', '장어구이']",-1,-1,-1,4,-1,-1,-1,4,4,6,4,181
증류식소주,17,안동소주 일품 17% [6병/12병],32400,"32,400원","['닭발', '삼겹살', '순대국']",-1,-1,-1,5,-1,-1,-1,4,4,5,4,333
증류식소주,21,안동소주 일품 21% [6병/12병],34200,"34,200원","['보쌈', '양장피', '오징어 초무침']",-1,-1,-1,6,-1,-1,-1,6,5,6,5,334
증류식소주,40,안동소주 일품 40% [6병/12병],57600,"57,600원","['연포탕', '삼계탕', '장어구이']",-1,-1,-1,7,-1,-1,-1,7,6,7,8,335
증류식소주,22,이도 22%,12000,"12,000원","['버섯 전골', '시래기장국', '올갱이국']",-1,-1,-1,6,-1,-1,-1,6,2,5,5,115
증류식소주,40,진맥소주 40%,22000,"22,000원","['수육', '참치회', '하몽']",-1,-1,-1,8,-1,-1,-1,8,3,8,8,227
증류식소주,40,천비향 화주,64000,"64,000원","['굴비', '곱창전골', '홍어 삼합']",-1,-1,-1,4,-1,-1,-1,10,4,8,6,85
증류식소주,25,미르 25%,18000,"18,000원","['조개탕', '삼겹살', '돼지껍데기']",-1,-1,-1,6,-1,-1,-1,7,2,6,5,67
증류식소주,25,[문배술X장욱진 아트에디션] 문배술 25% X 2병 + 전용잔 2개,29050,"29,050원","['굴', '불고기', '삼치구이']",-1,-1,-1,5,-1,-1,-1,3,6,5,4,249
증류식소주,40,문배술 40%,32400,"32,400원","['동파육', '홍어 무침', '중국식 냉채']",-1,-1,-1,8,-1,-1,-1,3,7,7,8,162
