감칠맛,걸쭉함,견과류_땅콩_잣향,고소함,곡물_옥수수_보리,기타_커피_캐러멜_토란,깔끔,꿀맛_당류,누룩,다양,단맛,독특,드라이,레몬_유자류_감귤류_자몽,매실류_파인애플,바나나_망고_멜론,바닐라_국화_매화_연꽃_유채꽃_꽃향,베리류_딸기,사과_배_감,스모키한,신맛,여운,열대과일,오디_복분자,오미자류,음료,인삼_생강강황_약재,자두_복숭아_체리,잔잔한,조화,진득,청_포도,청량,탄닌감,탄산,풀내음_나무_볏짚,허브_시트러스,화끈함,alname,id,img
0.237067483,0,0,0.172572498,0,0,0.180095985,0,0,0.454135275,0.299429845,0,0,0,0,0.319794825,0,0,1,0,0.403409535,0.223768885,0.315068994,0,0,0,0,0,0.141126849,0,0,0,0.143679047,0,0.966677053,0,0,0,허니문배,1224,https://www.sooldamhwa.com/_next/image?url=https%3A%2F%2Fd38cxpfv0ljg7q.cloudfront.net%2Fadmin_contents%2Fthumbnail%2FPBJf-1657699612618-honey.jpg&w=3840&q=75
0.179547699,0,0,0.0871341062,0.10688688,0,0.090932813,0,0,0,0.251976728,0,0.152612437,0,0,0,1,0,0,0,0.135791159,0.11298383,0,0,0,0,0,0,0.0712567878,0,0.11298383,0,0.072545426,0,0,0,0,0,"유채꽃, 제주",1214,https://www.sooldamhwa.com/_next/image?url=https%3A%2F%2Fd38cxpfv0ljg7q.cloudfront.net%2Fadmin_contents%2Fthumbnail%2F6Ynk-1650535957947-1.jpg&w=3840&q=75
0.0331776428,0,0,0,0,0,0,0,0,0,0.0558736909,0,0,0,0,0,0,0,0,0,0.112914494,0.0626330024,0,0,0,0,0,1,0,0,0,0,0,0,0,0,0,0,크라테 자두 와인,1202,https://www.sooldamhwa.com/_next/image?url=https%3A%2F%2Fd38cxpfv0ljg7q.cloudfront.net%2Fadmin_contents%2Fthumbnail%2F7mGp-1645437993412-%25ED%2581%25AC%25EB%259D%25BC%25ED%2585%258C%2520%25EC%259E%2590%25EB%2591%2590%2520%25EC%2599%2580%25EC%259D%25B8-3%2520%25281%2529.jpg&w=3840&q=75
0.243302714,0,0,0,0,0,0.184832779,0,0,0.233039857,0.2048702,0,0,0,0,0,0,0,0,0,0.138006604,0,0,0,1,0.761867214,0,0,0,0.221710615,0,0,0.147458022,0,0,0,0,0,장수 오미자주,1196,https://www.sooldamhwa.com/_next/image?url=https%3A%2F%2Fd38cxpfv0ljg7q.cloudfront.net%2Fadmin_contents%2Fthumbnail%2F24PV-1644573217144-1jpg.jpg&w=3840&q=75
0,0,0,0,0,0,0.218238751,0.196789365,0,0,0.241897659,0,0,0,0,0,1,0,0.30294783,0,0.162949391,0,0,0,0,0,0,0,0,0,0,0,0.435272556,0,0.585705432,0,0.2,0,아카시아 미드 Batch3,1188,https://www.sooldamhwa.com/_next/image?url=https%3A%2F%2Fd38cxpfv0ljg7q.cloudfront.net%2Fadmin_contents%2Fthumbnail%2Fk2fE-1643368081532-acsamd0.jpg&w=3840&q=75
0.0677335667,0,0,0,0,0,0.308735974,0,0,0,0.171102769,0,0,0,0,0,0,0,1,0,0.230519734,0,0,0,0,0,0,0,0.241931741,0,0,0,0.246306938,0,0,0,0,0,샤토미소 애플 와인,1150,https://www.sooldamhwa.com/_next/image?url=https%3A%2F%2Fd38cxpfv0ljg7q.cloudfront.net%2Fadmin_contents%2Fthumbnail%2FUcPl-1638528836707-%25EC%2583%25A4%25ED%2586%25A0%25EB%25AF%25B8%25EC%2586%258C%2520%25EC%2595%25A0%25ED%2594%258C%2520%25EC%2599%2580%25EC%259D%25B8-2.jpg&w=3840&q=75
0.659732216,0,0,0.320166603,0,0,0.167062309,0,0,0.210634589,0.648106414,0,0,0,0,0,0,0,0,0,0.498952662,0,0,0,0,0,0,0,0,0,0,1,0.133280891,0,0,0,0,0,샤토미소 랑 화이트와인,1149,https://www.sooldamhwa.com/_next/image?url=https%3A%2F%2Fd38cxpfv0ljg7q.cloudfront.net%2Fadmin_contents%2Fthumbnail%2FiHoy-1638522991814-%25EC%2583%25A4%25ED%2586%25A0%25EB%25AF%25B8%25EC%2586%258C%2520%25EB%259E%2591%2520%25ED%2599%2594%25EC%259D%25B4%25ED%258A%25B8%2520%25EC%2599%2580%25EC%259D%25B8%2528%25EC%258A%25A4%25EC%259C%2584%25ED%258A%25B8%2529.jpg&w=3840&q=75
0,0,0,0,0,0,0,0,0,0,0.592554436,0,0,0,0,0,0,0,0,0,0.199581065,0,0.233813779,0,0,0,0,0.241028399,0,0,0,1,0,0,0,0,0,0,샤토미소 퀸 아이스와인,1138,https://www.sooldamhwa.com/_next/image?url=https%3A%2F%2Fd38cxpfv0ljg7q.cloudfront.net%2Fadmin_contents%2Fthumbnail%2FhbeQ-1638867956762-%25EC%2583%25A4%25ED%2586%25A0%25EB%25AF%25B8%25EC%2586%258C%2520%25ED%2580%25B8%2520%25EC%2595%2584%25EC%259D%25B4%25EC%258A%25A4%2520%25EC%2599%2580%25EC%259D%25B8.jpg&w=3840&q=75
0.219910739,0,0,0,0,0,0,0,0,0,0.555519783,0.183130672,0,0,0,0,0,0.533671174,0,0,0.374214496,0,0,0,0,0.344309316,0,0,0,0,0,1,0.133280891,0.323036585,0,0.280380482,0,0,샤토미소 로제와인 (스위트),1137,https://www.sooldamhwa.com/_next/image?url=https%3A%2F%2Fd38cxpfv0ljg7q.cloudfront.net%2Fadmin_contents%2Fthumbnail%2FQ6pS-1637544263955-%25EC%2583%25A4%25ED%2586%25A0%25EB%25AF%25B8%25EC%2586%258C%2520%25EB%25A1%259C%25EC%25A0%259C%2520%25EC%2599%2580%25EC%259D%25B8%2520%25EC%258A%25A4%25EC%259C%2584%25ED%258A%25B8-2.jpg&w=3840&q=75
0,0,0,0,0,0,0,0,0,0,0.192065812,0,0,0,0,0,0,0,0,0,0.258762382,0,0,0,0,0,0,1,0.0543145113,0.0831414806,0,0,0,0,0,0,0,0,샤토미소 웨딩 자두와인,1136,https://www.sooldamhwa.com/_next/image?url=https%3A%2F%2Fd38cxpfv0ljg7q.cloudfront.net%2Fadmin_contents%2Fthumbnail%2FKNBS-1640251277612-%25EC%2583%25A4%25ED%2586%25A0%25EB%25AF%25B8%25EC%2586%258C%2520%25EC%259B%25A8%25EB%2594%25A9.jpg&w=3840&q=75
0.130721616,0,0,0,0,0,0,0,0,0,0.110072605,0,1,0,0,0,0,0,0,0,0.296592602,0,0,0,0,0,0,0,0.155637791,0,0,0.891645516,0,0.384045496,0,0,0.728060658,0,그랑꼬또 청수 화이트와인,1134,https://www.sooldamhwa.com/_next/image?url=https%3A%2F%2Fd38cxpfv0ljg7q.cloudfront.net%2Fadmin_contents%2Fthumbnail%2FnJPE-1636942060442-%25EA%25B7%25B8%25EB%259E%2591%25EA%25BC%25AC%25EB%2598%2590%2520%25EC%25B2%25AD%25EC%2588%2598%2520%25ED%2599%2594%25EC%259D%25B4%25ED%258A%25B8%25EC%2599%2580%25EC%259D%25B8.jpg&w=3840&q=75
0,0,0,0,0,0,0,0,0,0,0.69396014,0,0,0,0,0,0,1,0,0,0.233736,0,0,0,0,0,0,0,0.122653615,0,0,0.702679887,0,0.302655081,0,0,0.28688171,0,그랑꼬또 랑 로제와인,1132,https://www.sooldamhwa.com/_next/image?url=https%3A%2F%2Fd38cxpfv0ljg7q.cloudfront.net%2Fadmin_contents%2Fthumbnail%2FGAvy-1636938031604-%25EA%25B7%25B8%25EB%259E%2591%25EA%25BC%25AC%25EB%2598%2590%2520%25EB%259E%2591%2520%25EB%25A1%259C%25EC%25A0%259C%25EC%2599%2580%25EC%259D%25B8-2.jpg&w=3840&q=75
0.121651357,0,0,0,0,0,0.0924163897,0,0,0,0.2048702,0,0,0,0,0,0,0,0.51315075,0,0.138006604,0,0,0,0,0,0,1,0.0724193485,0,0,0,0.147458022,0,0.124012764,0,0,0,치키피치,1124,https://www.sooldamhwa.com/_next/image?url=https%3A%2F%2Fd38cxpfv0ljg7q.cloudfront.net%2Fadmin_contents%2Fthumbnail%2Fy4ka-1635929191182-%25EC%25B9%2598%25ED%2582%25A4%25ED%2594%25BC%25ED%2582%25A4.jpg&w=3840&q=75
0.103017902,0,0,0,0,0,0.313043531,0,0,0,0.34698007,0,0,0,0,0,0,1,0,0,0.701208,0,0,0,0,0,0,0,0,0,0,0.234226629,0.374615206,0,0,0,0,0,초선의 꿈 로제와인,1123,https://www.sooldamhwa.com/_next/image?url=https%3A%2F%2Fd38cxpfv0ljg7q.cloudfront.net%2Fadmin_contents%2Fthumbnail%2Fnunu-1635905019728-%25EC%25B4%2588%25EC%2584%25A0%25EC%259D%2598%2520%25EA%25BF%2588%2520%25EB%25A1%259C%25EC%25A0%259C%2520%25EC%258A%25A4%25EC%259C%2584%25ED%258A%25B8_%25EC%259E%25AC%25EC%25B4%25AC%25EC%2598%2581.jpg&w=3840&q=75
0,0,0,0,0,0,0,0,0,0,0.555519783,0,0,0,0.673162961,0,0,0,0.46381464,0,0.748428993,0,0,0,0,0,0,0.602570998,0,0,0,1,0.266561782,0,0,0,0,0,여포의 꿈 화이트와인,1119,https://www.sooldamhwa.com/_next/image?url=https%3A%2F%2Fd38cxpfv0ljg7q.cloudfront.net%2Fadmin_contents%2Fthumbnail%2F2iNg-1635732953983-ypg0.jpg&w=3840&q=75
0.0879642955,0,0,0,0,0,0,0,0,0.168507671,0.0740693045,0,0.672913158,0,0,0,0,0.213468469,0,0,0.498952662,0.166059655,0.233813779,0,0,0,0,0,0.314192153,0,0,1,0,0.258429268,0,0.224304386,0,0,여포의 꿈 레드와인 (드라이),1116,https://www.sooldamhwa.com/_next/image?url=https%3A%2F%2Fd38cxpfv0ljg7q.cloudfront.net%2Fadmin_contents%2Fthumbnail%2FPQ2j-1634880239218-%25EC%2597%25AC%25ED%258F%25AC%25EC%259D%2598%2520%25EA%25BF%2588%2520%25EB%25A0%2588%25EB%2593%259C%2520%25EB%2593%259C%25EB%259D%25BC%25EC%259D%25B4.jpg&w=3840&q=75
0.169656351,0,0,0,0,0,0,0,0,0.325000007,1,0,0,0,0,0,0,0.411715701,0,0,0.769862249,0.640557058,0.450955612,0,0,0,0,0,0,0,0,0.771478247,0,0.498431396,0,0,0,0,여포의 꿈 레드와인 (스위트),1115,https://www.sooldamhwa.com/_next/image?url=https%3A%2F%2Fd38cxpfv0ljg7q.cloudfront.net%2Fadmin_contents%2Fthumbnail%2Fvqcu-1634879992409-%25EC%2597%25AC%25ED%258F%25AC%25EC%259D%2598%2520%25EA%25BF%2588%2520%25EB%25A0%2588%25EB%2593%259C%2520%25EC%258A%25A4%25EC%259C%2584%25ED%258A%25B8-1.jpg&w=3840&q=75
0,0,0,0,0,0,0,0,0,0.148254678,0,0,0,1,0,0,0,0,0.326454883,0,0.263390025,0,0,0,0,0,0,0,0,0,0,0,0,0,0,0,0.215518879,0,신애유자,1111,https://www.sooldamhwa.com/_next/image?url=https%3A%2F%2Fd38cxpfv0ljg7q.cloudfront.net%2Fadmin_contents%2Fthumbnail%2F5NGV-1634530584930-%25EB%258C%2584%25EC%258B%25B1%25EC%2582%25AC%25EC%259D%25B4%25EB%258D%2594%2520%25EC%258B%25A0%25EC%2595%25A0%25EC%259C%25A0%25EC%259E%25901.jpg&w=3840&q=75
0,0,0,0,0,0,0,0,0,0,0.163996909,0,0,0,0,0,0,0,0,0,0.0441892603,0,0,1,0,0,0,0,0,0,0,0,0.0472155732,0.114437692,0,0,0,0,부안 해풍 오디주,1098,https://www.sooldamhwa.com/_next/image?url=https%3A%2F%2Fd38cxpfv0ljg7q.cloudfront.net%2Fadmin_contents%2Fthumbnail%2FdU2C-1631841308008-%25EA%25B0%2580%25EC%2582%25B0%25EB%25AA%2585%25EC%25A3%25BC%2B%25EC%2598%25A4%25EB%2594%2594%25EC%25A3%25BC-1.jpg&w=3840&q=75
0,0,0,0,0,0,0,0,0,0,0.370346522,0,0,0,0,0,0,0,0,0,0.498952662,0,0,0,0,0,0,0,0,0.267192773,0,1,0,0,0,0,0,0,고도리 샤인머스캣 와인,1094,https://www.sooldamhwa.com/_next/image?url=https%3A%2F%2Fd38cxpfv0ljg7q.cloudfront.net%2Fadmin_contents%2Fthumbnail%2FW5dy-1631773756416-%25EA%25B3%25A0%25EB%258F%2584%25EB%25A6%25AC%2B%25EB%25A7%259D%25EA%25B3%25A0%25ED%258F%25AC%25EB%258F%2584%2B%25EC%2599%2580%25EC%259D%25B8-1.jpg&w=3840&q=75
0,0,0,0,0.235663032,0,0,0,0.456232713,0,1,0,0,0,0,0,0,0,0,0,0.149695437,0.249105523,0,0,0,0,0,0,0.314212385,0,0,0,0,0,0,0,0,0.252777783,"동백꽃, 제주",1064,https://www.sooldamhwa.com/_next/image?url=https%3A%2F%2Fd38cxpfv0ljg7q.cloudfront.net%2Fadmin_contents%2Fthumbnail%2FWTj2-1629257790790-%25E1%2584%2583%25E1%2585%25A9%25E1%2586%25BC%25E1%2584%2587%25E1%2585%25A2%25E1%2586%25A8%25E1%2584%2581%25E1%2585%25A9%25E1%2586%25BE%252C%25E1%2584%258C%25E1%2585%25A6%25E1%2584%258C%25E1%2585%25AE-1.jpg&w=3840&q=75
0.0628316396,0,0,0,0,0,0,0,0,0,0.105813292,0,0,0,0,0,0,0,0,0,0.0712789517,0,0,0,0,0,0,0,0.0748076555,0,0,1,0,0,0,0,0,0,시나브로 캠벨 스위트,1062,https://www.sooldamhwa.com/_next/image?url=https%3A%2F%2Fd38cxpfv0ljg7q.cloudfront.net%2Fadmin_contents%2Fthumbnail%2FdBMV-1628820066205-%25E1%2584%2589%25E1%2585%25B5%25E1%2584%2582%25E1%2585%25A1%25E1%2584%2587%25E1%2585%25B3%25E1%2584%2585%25E1%2585%25A9%2520%25E1%2584%258F%25E1%2585%25A6%25E1%2586%25B7%25E1%2584%2587%25E1%2585%25A6%25E1%2586%25AF%2520%25E1%2584%2589%25E1%2585%25B3%25E1%2584%258B%25E1%2585%25B1%25E1%2584%2590%25E1%2585%25B3-1.jpg&w=3840&q=75
0.140136908,0,0,0,0,0,0,0,0,0.134225733,0.354001925,0,0,0,0,0,0,0.170039509,0,0,0.0794887095,0,0,0,0,0,0,0,0,0,0,0.159311124,0,0,1,0,0,0,시나브로 에뚜왈 로제 스파클링 와인,1061,https://www.sooldamhwa.com/_next/image?url=https%3A%2F%2Fd38cxpfv0ljg7q.cloudfront.net%2Fadmin_contents%2Fthumbnail%2Frd8m-1628819930188-%25E1%2584%2589%25E1%2585%25B5%25E1%2584%2582%25E1%2585%25A1%25E1%2584%2587%25E1%2585%25B3%25E1%2584%2585%25E1%2585%25A9%2520%25E1%2584%258B%25E1%2585%25A6%25E1%2584%2584%25E1%2585%25AE%25E1%2584%258B%25E1%2585%25AA%25E1%2586%25AF%2520%25E1%2584%2585%25E1%2585%25A9%25E1%2584%258C%25E1%2585%25A6%2520%25E1%2584%2589%25E1%2585%25B3%25E1%2584%2591%25E1%2585%25A1%25E1%2584%258F%25E1%2585%25B3%25E1%2586%25AF%25E1%2584%2585%25E1%2585%25B5%25E1%2586%25BC01.jpg&w=3840&q=75
0.0979432655,0,0,0,0,0,0.446434626,0,0,0,0.247415938,0,0,0.253110066,0,0,0,0,0,0,1,0,0,0,0,0,0,0,0.233223456,0.17850242,0,0,0.118720584,0,0,0,0,0,시나브로 청수 화이트,1060,https://www.sooldamhwa.com/_next/image?url=https%3A%2F%2Fd38cxpfv0ljg7q.cloudfront.net%2Fadmin_contents%2Fthumbnail%2Fq2Bp-1662106155581-SINABRO.jpg&w=3840&q=75
0.154526853,0,0,0,0,0,0,0,0,0,0.130117526,0,0,0,0,0,0,1,0.434550958,0,0.058434,0,0,0,0,0,0,0,0,0,0,0,0,0,0.21003522,0,0.860645131,0,루드베리,363,https://www.sooldamhwa.com/_next/image?url=https%3A%2F%2Fd38cxpfv0ljg7q.cloudfront.net%2Fadmin_contents%2Fthumbnail%2FQBcG-1654563486179-thumb.jpg&w=3840&q=75
0,0,0,0,0,0,0,0,0,0.137579296,0.241897659,0,0,0,0,0,0,0.174287862,0,0,0.0814746956,0,0,0,0,0,1,0,0.171016291,0,0,0,0.0870545112,0.843985714,0,0,0,0,세인트하우스 가시오가피 와인,120,https://www.sooldamhwa.com/_next/image?url=https%3A%2F%2Fd38cxpfv0ljg7q.cloudfront.net%2Fadmin_contents%2Fthumbnail%2FzKGl-1659320991112-0.jpg&w=3840&q=75
0.176297878,0,0,0,0,0,0.267860775,0,0,0,0.296899125,0,0,0,0,0,0,0,0,0,1,0.332816453,0,0,0.966137342,0,0,0,0,0.321304356,0,0,0.213697052,0,0.718880172,0,0,0,오미로제 연,253,https://www.sooldamhwa.com/_next/image?url=https%3A%2F%2Fd38cxpfv0ljg7q.cloudfront.net%2Fadmin_contents%2Fthumbnail%2F5YHz-1651137039043-1.jpg&w=3840&q=75
0.522886464,0,0,0,0,0,0,0,0,0,0.330217816,0.217716857,1,0,0,0,0,0,0,0.40014849,0.296592602,0.246777245,0,0,0,0,0,0,0.155637791,0,0.49355449,0.891645516,0,0.384045496,0,0.666666667,0,0,크라테 산머루 미디엄 드라이,297,https://www.sooldamhwa.com/_next/image?url=https%3A%2F%2Fd38cxpfv0ljg7q.cloudfront.net%2Fadmin_contents%2Fthumbnail%2FASey-1659682487252-krate_Thumb.jpg&w=3840&q=75
0.293829797,0,0,0,0,0,0.892869251,0,0,0.56287127,0.494831876,0,0,0,0,0,0,0,0,0,1,0,0,0,0,0,0,0,0.349835184,0.535507261,0,0,0.712323506,0,0,0,0,0,264 청포도 와인 광야,332,https://www.sooldamhwa.com/_next/image?url=https%3A%2F%2Fd38cxpfv0ljg7q.cloudfront.net%2Fadmin_contents%2Fthumbnail%2Fqvbv-1660891625390-1.jpg&w=3840&q=75
0.352595756,0,0,0,0,0,0.267860775,0,0,0,0.296899125,0.293624123,0,0,0,0,0,0,0,0,1,0,0,0,0,0,0,0,0.629703331,0.321304356,0,0.801679259,0.427394104,0,0,0,0,0,264 청포도 와인 꽃,330,https://www.sooldamhwa.com/_next/image?url=https%3A%2F%2Fd38cxpfv0ljg7q.cloudfront.net%2Fadmin_contents%2Fthumbnail%2FCIwg-1660891902410-1.jpg&w=3840&q=75
0.21938994,0,0,0,0,0,1,0,0,0,0.184734728,0,0,0,0.671568757,0,0,0,0,0,0.995542055,0,0.583150137,0,0,0,0,0,0,0,0,0,0.797791507,0,0,0,0,0,264 청포도 와인 절정,331,https://www.sooldamhwa.com/_next/image?url=https%3A%2F%2Fd38cxpfv0ljg7q.cloudfront.net%2Fadmin_contents%2Fthumbnail%2FdrfY-1660891717765-1.jpg&w=3840&q=75
0,0,0,0,0,0,0,0,0,0,0.1024351,0,0,0,0,0,0,0,0,0,0.0690033019,0,0,0,0,0,0,1,0.0362096742,0,0,0,0,0,0,0,0.0846929239,0,고도리 복숭아 와인,190,https://www.sooldamhwa.com/_next/image?url=https%3A%2F%2Fd38cxpfv0ljg7q.cloudfront.net%2Fadmin_contents%2Fthumbnail%2FxdPQ-1642143289464-gdr%2520bsa0.jpg&w=3840&q=75
0,0,0,0,0,0,0.0924163897,0,0,0,0.3073053,0,0,0,0,0,0,0,0,0,0.345016509,0,0,0,0,0,0,1,0,0,0,0,0.0737290109,0,0,0,0,0,고도리 자두 와인,294,https://www.sooldamhwa.com/_next/image?url=https%3A%2F%2Fd38cxpfv0ljg7q.cloudfront.net%2Fadmin_contents%2Fthumbnail%2FWL2w-1620617185155-%25EA%25B3%25A0%25EB%258F%2584%25EB%25A6%25AC%2B%25EC%259E%2590%25EB%2591%2590.jpg&w=3840&q=75
0.145981628,0,0,0,0,0,0,0,0,0,0.18438318,0,0,0,0,0,0,0.0885656919,0,0,0.0414019811,0,0,0,0,0,0,1,0.0869032181,0.0665131845,0,0,0,0,0,0,0,0,고도리 체리 와인,293,https://www.sooldamhwa.com/_next/image?url=https%3A%2F%2Fd38cxpfv0ljg7q.cloudfront.net%2Fadmin_contents%2Fthumbnail%2FPqEk-1620617203501-%25EA%25B3%25A0%25EB%258F%2584%25EB%25A6%25AC%2B%25EC%25B2%25B4%25EB%25A6%25AC.jpg&w=3840&q=75
0.188107595,0,0,0,0,0,0.142902021,0,0,0,0.47518139,0.156646604,0,0,0,0,0.261918693,0,0,0.287905598,0.533493645,0,1,0,0,0,0,0,0,0.171413832,0,0.85538158,0.114006019,0,0,0,0.261918693,0.180172947,고도리 화이트 청수 와인,196,https://www.sooldamhwa.com/_next/image?url=https%3A%2F%2Fd38cxpfv0ljg7q.cloudfront.net%2Fadmin_contents%2Fthumbnail%2F0TWZ-1631758801622-%25EA%25B3%25A0%25EB%258F%2584%25EB%25A6%25AC%2B%25EC%25B2%25AD%25EC%2588%2598%2B%25ED%2599%2594%25EC%259D%25B4%25ED%258A%25B8%2B%25EC%2599%2580%25EC%259D%25B8-1.jpg&w=3840&q=75
0.0405504523,0,0,0,0,0,0,0,0,0,0.239015233,0,0,0.104792582,0,0,0,0,0,0,0.0920044025,0,0,0,0,0,0,1,0,0.0739035383,0,0,0.0491526739,0,0.165350352,0,0,0,금이산 복숭아 와인,352,https://www.sooldamhwa.com/_next/image?url=https%3A%2F%2Fd38cxpfv0ljg7q.cloudfront.net%2Fadmin_contents%2Fthumbnail%2F1jU3-1620615612711-%25EA%25B8%2588%25EC%259D%25B4%25EC%2582%25B0%25EB%25B3%25B5%25EC%2588%25AD%25EC%2595%2584%25EC%2599%2580%25EC%259D%25B8.jpg&w=3840&q=75
0.118533742,0,0,0,0,0,0.180095985,0,0,0,0.0998099485,0,0,0,0,0,0,0,1,0,0.134469845,0,0,0,0,0,0,0,0,0,0,0.269504214,0.287358094,0,0.966677053,0,0,0,댄싱파파,219,https://www.sooldamhwa.com/_next/image?url=https%3A%2F%2Fd38cxpfv0ljg7q.cloudfront.net%2Fadmin_contents%2Fthumbnail%2FET3f-1642143422782-dspp0.jpg&w=3840&q=75
0.0374610553,0,0,0,0,0,0,0,0,0.143523577,0.126174571,0,0.573142475,0,0,0,0,1,0,0,0.0849949091,0,0,0,0,0,0.104320622,0,0,0,0,0,0.0454079037,0.110056393,0,0,0,0,세인트하우스 딸기 와인 (드라이),118,https://www.sooldamhwa.com/_next/image?url=https%3A%2F%2Fd38cxpfv0ljg7q.cloudfront.net%2Fadmin_contents%2Fthumbnail%2FbY5X-1630318251100-sh%2Bstr%2Bdry0.jpg&w=3840&q=75
0.176297878,0,0,0,0,0,0,0,0,0.337722762,0.296899125,0.587248247,0,0.911196237,0,0,0,0.855666222,0,0,1,0,0,0,0,0,0.490949978,0,0,0,0.332816453,0,0.213697052,0.51794346,0,0,0,0,세인트하우스 모과 와인,121,https://www.sooldamhwa.com/_next/image?url=https%3A%2F%2Fd38cxpfv0ljg7q.cloudfront.net%2Fadmin_contents%2Fthumbnail%2FIFuv-1659320945820-0.jpg&w=3840&q=75
0.0486257924,0,0,0,0,0,0,0,0,0,0.122834336,0,0.123993246,0,0,0,0,0.236006517,0.102556858,0,0,0,0,0,0,0,0,0,0,0,0,0,0,1,0,0,0,0,세인트하우스 아로니아 와인,123,https://www.sooldamhwa.com/_next/image?url=https%3A%2F%2Fd38cxpfv0ljg7q.cloudfront.net%2Fadmin_contents%2Fthumbnail%2FrlT8-1659320861396-0.jpg&w=3840&q=75
0.364954071,0,0,0,0,0,0.184832779,0,0,0.233039857,0.4097404,0,0.310204644,0,0,0,0,0.295218973,0.256575375,0,0.690033019,0.229654342,0,0,1,0,0,0,0.144838697,0,0,0,0.147458022,0,0,0,0,0,세인트하우스 오미자 와인,122,https://www.sooldamhwa.com/_next/image?url=https%3A%2F%2Fd38cxpfv0ljg7q.cloudfront.net%2Fadmin_contents%2Fthumbnail%2FmOrV-1659320902587-0.jpg&w=3840&q=75
0.0817465297,0,0.262328525,0,0,0,0,0,0,0,0.481835953,0,0,0,0,0,0,0,0.862059703,0,0.185473655,0,0,0,0,0,0,0,0,0,0,0.185862978,0.198175867,0,1,0,0,0,스윗마마,220,https://www.sooldamhwa.com/_next/image?url=https%3A%2F%2Fd38cxpfv0ljg7q.cloudfront.net%2Fadmin_contents%2Fthumbnail%2Fi16g-1642143634927-swmm0.jpg&w=3840&q=75
0.0980958356,0,0,0,0,0,0,0,0,0.375832051,0.247801347,0,0,0,0,0,0,0,0,0,0.222568387,0,0,0,0,0,0,0,0.233586757,0,0,0,0,0,1,0,0,0,시나브로 에뚜왈 화이트 스파클링,309,https://www.sooldamhwa.com/_next/image?url=https%3A%2F%2Fd38cxpfv0ljg7q.cloudfront.net%2Fadmin_contents%2Fthumbnail%2F8Pr1-1621006153326-%25EC%258B%259C%25EB%2582%2598%25EB%25B8%258C%25EB%25A1%259C.jpg&w=3840&q=75
0,0,0,0,0,0,0.40094954,0,0,0,0.148138609,0,0,0.454643788,0,0,0,0,0,0,0.199581065,0,0,0,0,0,0,0.241028399,0.104730718,0,0,1,0.426498851,0,0,0,0.244960798,0,고도리 화이트 와인 (스위트),193,https://www.sooldamhwa.com/_next/image?url=https%3A%2F%2Fd38cxpfv0ljg7q.cloudfront.net%2Fadmin_contents%2Fthumbnail%2FB68U-1645516585523-%25EA%25B3%25A0%25EB%258F%2584%25EB%25A6%25AC%2520%25ED%2599%2594%25EC%259D%25B4%25ED%258A%25B8%2520%25EC%2599%2580%25EC%259D%25B8%2520%25EC%258A%25A4%25EC%259C%2584%25ED%258A%25B8-2.jpg&w=3840&q=75
0.118533742,0,0,0,0,0,0.360191969,0,0,0,0.299429845,0.197417952,0,0,0.36284051,0,0,0,1,0,0.53787938,0,0,0,0,0,0,0,0,0,0,0,0.287358094,0,0.72500779,0,0,0,헤베,277,https://www.sooldamhwa.com/_next/image?url=https%3A%2F%2Fd38cxpfv0ljg7q.cloudfront.net%2Fadmin_contents%2Fthumbnail%2FJwSj-1625725692969-%25ED%2597%25A4%25EB%25B2%25A0-5.png&w=3840&q=75
0,0,0,0,0,0,0,0,0,0,0.309751684,0,0,0,0,0,0,0,0,0,0,0,0,0,0,0,0,0,0.145991723,0,0,0.557588935,0,0,1,0,0,0,애피소드 상그리아,110,https://www.sooldamhwa.com/_next/image?url=https%3A%2F%2Fd38cxpfv0ljg7q.cloudfront.net%2Fadmin_contents%2Fthumbnail%2FQhF4-1625726313713-%25EC%2595%25A0%25ED%2594%25BC%25EC%2586%258C%25EB%2593%259C%25EB%25A0%2588%25EB%2593%259C-4.png&w=3840&q=75
0,0,0,0,0,0,0,0,0,0,0,0,0,0,0,0,0,0,1,0,0,0,0,0,0,0,0,0,0,0,0,0,0,0,0.483338527,0,0,0,애피소드 애플,112,https://www.sooldamhwa.com/_next/image?url=https%3A%2F%2Fd38cxpfv0ljg7q.cloudfront.net%2Fadmin_contents%2Fthumbnail%2FBsof-1631179069800-ep%2Ba0.jpg&w=3840&q=75
0,0,0,0,0,0,0.0924163897,0,0,0,0.1024351,0,0,0,0,0,0,0.147609487,0,0,0.345016509,0,0,0,1,0,0,0,0.0724193485,0,0,0,0.147458022,0,0.248025528,0,0.338771695,0,오미로제 결,97,https://www.sooldamhwa.com/_next/image?url=https%3A%2F%2Fd38cxpfv0ljg7q.cloudfront.net%2Fadmin_contents%2Fthumbnail%2FEBP8-1651136855105-1.jpg&w=3840&q=75
0.729908142,0,0,0,0,0,0,0,0,0,0.3073053,0,0.930613931,0,0,0,0,0,0,0,0.828039623,0,0,0,1,0,0,0,0.434516091,0.665131845,0,0,0,0,0,0,0,0,오미로제 프리미어,100,https://www.sooldamhwa.com/_next/image?url=https%3A%2F%2Fd38cxpfv0ljg7q.cloudfront.net%2Fadmin_contents%2Fthumbnail%2FvR6x-1648539287564-%25EC%2598%25A4%25EB%25AF%25B8%25EB%25A1%259C%25EC%25A0%259C%2520%25ED%2594%2584%25EB%25A6%25AC%25EB%25AF%25B8%25EC%2596%25B4%2520%25EC%2599%2580%25EC%259D%25B8.jpg&w=3840&q=75
0.163493059,0,0,0,0,0,0.248405586,0,0,0,0.137667415,0,0,0.211253621,0,0,0,0.79351771,0.172411941,0,0.370947311,0,0,0,0,0,0,0,0,0,0,0,0.2972638,0,1,0,0,0,와쥬블루,308,https://www.sooldamhwa.com/_next/image?url=https%3A%2F%2Fd38cxpfv0ljg7q.cloudfront.net%2Fadmin_contents%2Fthumbnail%2FpU41-1657699766278-blue.jpg&w=3840&q=75
0,0,0,0,0,0,0,0,0,0,0.413002246,0.204223273,0,0,0,0,0,0.892707424,0.775853733,0,0.695526208,0.231482566,0.32592994,0,0.335986921,0,0,0,0.145991723,0.223475601,0.231482566,0,0,0,1,0,0,0,요새로제,222,https://www.sooldamhwa.com/_next/image?url=https%3A%2F%2Fd38cxpfv0ljg7q.cloudfront.net%2Fadmin_contents%2Fthumbnail%2FIUBI-1654568797609-thumb.jpg&w=3840&q=75
0,0,0,0,0,0,0,0,0,0,0.262395054,0.519001312,0,0,0,0,0,0,0,0,0.353514082,0,0,1,0,0,0,0,0,0,0,0.472341512,0.125908195,0,0,0,0,0,부안 참뽕 와인,131,https://www.sooldamhwa.com/_next/image?url=https%3A%2F%2Fd38cxpfv0ljg7q.cloudfront.net%2Fadmin_contents%2Fthumbnail%2FQc6X-1656438704218-0.jpg&w=3840&q=75
0,0,0,0,0,0,0,0,0,0,0.462640093,0.228768427,0,0,0,0,0,1,0,0,0.311648,0,0,0,0,0,0,0,0.163538153,0.25033465,0,0,0,0,0.28004696,0,0,0,[추사 블루 스위트,80,https://www.sooldamhwa.com/_next/image?url=https%3A%2F%2Fd38cxpfv0ljg7q.cloudfront.net%2Fadmin_contents%2Fthumbnail%2F9FhJ-1655865887419-thumb.jpg&w=3840&q=75
0,0,0,0,0,0,0,0,0,0,0.285171281,0,0,0,0,0,0,0,1,0,0.153679823,0,0,0,0,0,0,0,0,0.123444991,0,0,0,0,0,0,0,0,추사 애플 와인,82,https://www.sooldamhwa.com/_next/image?url=https%3A%2F%2Fd38cxpfv0ljg7q.cloudfront.net%2Fadmin_contents%2Fthumbnail%2FMDA5-1655865960640-thumb.jpg&w=3840&q=75
0.219910739,0,0,0,0,0,0.167062309,0,0,0.210634589,0,0.183130672,0.841141447,0,0,0,0,0,0,0,0.374214496,0,0,0,0,0,0,0,0.130913397,0,0,1,0.133280891,0,0,0.280380482,0,0,크라테 산머루 드라이,298,https://www.sooldamhwa.com/_next/image?url=https%3A%2F%2Fd38cxpfv0ljg7q.cloudfront.net%2Fadmin_contents%2Fthumbnail%2Fe5V5-1659682544646-dry_thumb.jpg&w=3840&q=75
0.196082424,0,0,0,0,0,0,0,0,0,0.082554454,0.163287643,1,0,0,0,0,0,0.413558244,0,0.556111129,0,0,0,0,0,0,0,0.116728344,0,0,0.222911379,0,0,0,0,0,0,크라테 로제 미디엄 드라이,295,https://www.sooldamhwa.com/_next/image?url=https%3A%2F%2Fd38cxpfv0ljg7q.cloudfront.net%2Fadmin_contents%2Fthumbnail%2Fkyqr-1658110037332-0.jpg&w=3840&q=75
0.250810127,0,0,0,0,0,0,0.343618755,0,0.72069179,0.527979322,0.417724277,0,0,0.383874131,0.676666235,0,0,0,0,0.284529944,0,1,0,0,0,0,0,0,0.228551776,0,0.285127193,0,0,0,0,0,0,크라테 화이트 스위트,296,https://www.sooldamhwa.com/_next/image?url=https%3A%2F%2Fd38cxpfv0ljg7q.cloudfront.net%2Fadmin_contents%2Fthumbnail%2F7TKJ-1657598002156-00.jpg&w=3840&q=75
0,0,0,0,0,0,0,0,0,0,0.370346522,0,0,0,0,0,0,0,0.927629279,0,0.199581065,0,0,0,0,0,0,0,0.104730718,0.160315664,0.166059655,1,0.106624713,0,0,0,0,0,한스오차드 애플,113,https://www.sooldamhwa.com/_next/image?url=https%3A%2F%2Fd38cxpfv0ljg7q.cloudfront.net%2Fadmin_contents%2Fthumbnail%2Ffe1w-1631180181351-hsocd%2Bap0.jpg&w=3840&q=75
0.128986396,0,0,0.0938952244,0,0,0.0979886895,0,0.111492252,0,0.162917225,0.214826848,0,1,0,0,0,0,0,0,0.36581948,0.121750742,0,0,0,0,0,0,0.076785915,0,0,0,0.0781745443,0,0,0,0,0,혼디주,224,https://www.sooldamhwa.com/_next/image?url=https%3A%2F%2Fd38cxpfv0ljg7q.cloudfront.net%2Fadmin_contents%2Fthumbnail%2FC7xm-1637223452230-%25ED%2598%25BC%25EB%2594%2594%25EC%25A3%25BC_%25EB%25B0%2595%25EC%258A%25A4%25EC%2597%2586%25EB%258A%2594%25EB%25B2%2584%25EC%25A0%2584.jpg&w=3840&q=75
0,0,0,0,0,0,0.369665559,1,0.210304096,0,0.717045699,0,0,0,0,0,0,0,0,0,0.138006604,0,0,0,0,0,0,0,0.579354788,0,0.229654342,0.27659258,0.147458022,0,0,0,0,0,허니문 와인,96,https://www.sooldamhwa.com/_next/image?url=https%3A%2F%2Fd38cxpfv0ljg7q.cloudfront.net%2Fadmin_contents%2Fthumbnail%2FrSJ3-1656438910781-0.jpg&w=3840&q=75
0,0,0,0,0,0,0.554498338,1,0,0,0.768263249,0,0,0,0,0,0,0,0,0,0.207009906,0,0,0,0,0,0,0,0,0.332565923,0,0.414888869,0.442374065,0,0,0,0,0,허니비 와인,98,https://www.sooldamhwa.com/_next/image?url=https%3A%2F%2Fd38cxpfv0ljg7q.cloudfront.net%2Fadmin_contents%2Fthumbnail%2FGQg0-1656438859616-0.jpg&w=3840&q=75
0,0,0,0,0,0,0.659162551,0,1,0,0.24354043,0,0.737514507,0,0,0,0,0,0,0,0,0.546005395,0,0,0,0,0,0,0,0,0,0,0.525874285,0,0,0,0,0.277027245,이상헌 탁주 14%,1230,https://www.sooldamhwa.com/_next/image?url=https%3A%2F%2Fd38cxpfv0ljg7q.cloudfront.net%2Fadmin_contents%2Fthumbnail%2FmWQw-1650972837285-%25EC%259D%25B4%25EC%2583%2581%25ED%2597%258C%2520%25ED%2583%2581%25EC%25A3%25BC%252014.jpg&w=3840&q=75
0,0,0,0,0,0,0.480255959,0,0,0,0.399239794,0,0,0,0,0,0,0,1,0,0,0,0,0,0,0,0,0,0.376338264,0.144019157,0,0,0.0957860314,0,0,0,0,0,분홍탁주 6% 3병/6병,1221,https://www.sooldamhwa.com/_next/image?url=https%3A%2F%2Fd38cxpfv0ljg7q.cloudfront.net%2Fadmin_contents%2Fthumbnail%2FTIIM-1649400725806-1.jpg&w=3840&q=75
0.237067483,0,0,0,0,0,0.180095985,0,0,0,0.199619897,0,0,0,0,0,0,0.575306521,1,0,0.26893969,0.223768885,0,0,0,0,0,0,0,0,0.447537769,0,0.143679047,0,0.241669263,0,0,0,3+1 마실꾸지 3병/6병/12병,1220,https://www.sooldamhwa.com/_next/image?url=https%3A%2F%2Fd38cxpfv0ljg7q.cloudfront.net%2Fadmin_contents%2Fthumbnail%2Fa7pq-1649400825257-1.jpg&w=3840&q=75
0.164997951,0,0,0.240219435,0,0,0.752076193,0,0,0,0,0,0,0,0,0,0,0,0,0,0.935904349,0,0,0,0,0,0,0,0,0,0.311484366,0,1,0,0,0,0,0,희양산막걸리 9% X 3병,1207,https://www.sooldamhwa.com/_next/image?url=https%3A%2F%2Fd38cxpfv0ljg7q.cloudfront.net%2Fadmin_contents%2Fthumbnail%2FqKI5-1645783287226-%25ED%259D%25AC%25EC%2596%2591%25EC%2582%25B0%2520%25EB%25A7%2589%25EA%25B1%25B8%25EB%25A6%25AC.jpg&w=3840&q=75
0.0623237825,0,0,0.0907367865,0,0,0,0,0,0,0.209916044,0,0,0,0,0,0,0,0,0,0,0.117655303,0,1,0,0,0,0,0.0742029984,0,0,0,0,0,0.127067132,0,0,0,자연담은 복분자 막걸리 4병 세트,1201,https://www.sooldamhwa.com/_next/image?url=https%3A%2F%2Fd38cxpfv0ljg7q.cloudfront.net%2Fadmin_contents%2Fthumbnail%2Fmcu5-1645437591022-%25EC%259E%2590%25EC%2597%25B0%25EB%258B%25B4%25EC%259D%2580%2520%25EB%25B3%25B5%25EB%25B6%2584%25EC%259E%2590%2520%25EB%25A7%2589%25EA%25B1%25B8%25EB%25A6%25AC-7.jpg&w=3840&q=75
0.220372347,0,0,0,0,0,0,0,0,0,0.371123907,0,0,0,0,0,0,0,0.464788221,0,1,0,0,0,0,0.690064092,0,0,0,0.401630446,0,0,0.267121315,0,0,0,0,0,표문 막걸리 X 4병,1199,https://www.sooldamhwa.com/_next/image?url=https%3A%2F%2Fd38cxpfv0ljg7q.cloudfront.net%2Fadmin_contents%2Fthumbnail%2FQzzk-1660892348639-1.jpg&w=3840&q=75
0,0,0,0.160419328,0.196785417,0,0.167412985,0,0.380967451,0,0.185561953,0,0,0,0,0.297273736,0,0,0,0,1,0,0,0,0,0,0,0,0,0,0,0,0.133560657,0,0,0,0,0,배금도가 수제 막걸리,1198,https://www.sooldamhwa.com/_next/image?url=https%3A%2F%2Fd38cxpfv0ljg7q.cloudfront.net%2Fadmin_contents%2Fthumbnail%2FUowp-1644573630752-1jpg.jpg&w=3840&q=75
0,0,0,0.204024406,0.375413252,0,0.106459537,0,0,0,0.118000642,0,0,0,0,0,0,0,0,0,0.476932257,0,0,0,0,0,0,0,0,0.127700343,0,0.159311124,0.169865029,0,1,0,0,0,4+1 얼떨결에 퍼플 X 3병,1189,https://www.sooldamhwa.com/_next/image?url=https%3A%2F%2Fd38cxpfv0ljg7q.cloudfront.net%2Fadmin_contents%2Fthumbnail%2FutRL-1643388270514-1jpg.jpg&w=3840&q=75
0.176571677,0,0,0,0,0,0.268276776,0,0,0,0.297360224,0,0,0,0,0,0,0,0,0,0,0,0,0,0,0,0,0,0.210227097,0,1,0,0.428057867,0,0,0,0,0,하얀 까마귀 X 3병,1164,https://www.sooldamhwa.com/_next/image?url=https%3A%2F%2Fd38cxpfv0ljg7q.cloudfront.net%2Fadmin_contents%2Fthumbnail%2F6Tkg-1642728858335-1.jpg&w=3840&q=75
0.83990922,0,0,0.81521222,0,0,0,0,0,0,0.471490479,0,0,0,0,0,0,0,0,0,0.317609881,0,0,0,0,0,0,0,1,0.510247192,0,0,0,0,0,0,0,0,양지백주,1158,https://www.sooldamhwa.com/_next/image?url=https%3A%2F%2Fd38cxpfv0ljg7q.cloudfront.net%2Fadmin_contents%2Fthumbnail%2F2BrE-1639125133588-%25EC%2596%2591%25EC%25A7%2580%25EB%25B0%25B1%25EC%25A3%25BC.jpg&w=3840&q=75
0,0,0,0,0,0,1,0,0,0,0.554204185,0,0,0,0,0,0,0,0,0,0,0,0,0,0,0,0,0,0,0,0.41416597,0,0.265930502,0,0,0,0,0,보일러 틀어놨어 X 2병,1147,https://www.sooldamhwa.com/_next/image?url=https%3A%2F%2Fd38cxpfv0ljg7q.cloudfront.net%2Fadmin_contents%2Fthumbnail%2Fwt9P-1638952776225-%25EB%25B3%25B4%25EC%259D%25BC%25EB%259F%25AC%2520%25ED%258B%2580%25EC%2596%25B4%25EB%2586%25A8%25EC%2596%25B4%2520%25EC%2583%2589%25EA%25B0%2590%25EC%2588%2598%25EC%25A0%25953.jpeg&w=3840&q=75
0,0,0,0.345802198,0,0,0,0,0.410609442,0,1,0,0,0,0,0,0,0,0,0,0.269451787,0,0,0,0,0,0,0,0.282791147,0,0,0,0,0,0,0,0,0,동래아들 6병/12병,1142,https://www.sooldamhwa.com/_next/image?url=https%3A%2F%2Fd38cxpfv0ljg7q.cloudfront.net%2Fadmin_contents%2Fthumbnail%2FuJCh-1649405848643-1.jpg&w=3840&q=75
0,0,0,0,0,0,0.191329125,0,0.217695686,0,0.106035402,0.209731517,0.321107453,0,0,0,0,0,0,0,1,0,0,0,0,0,0,0,0,0,0,0,0,0,0,0.321107453,0,0,홍천강 탁주 X 2병,1126,https://www.sooldamhwa.com/_next/image?url=https%3A%2F%2Fd38cxpfv0ljg7q.cloudfront.net%2Fadmin_contents%2Fthumbnail%2Fzi9c-1635929247103-%25ED%2599%258D%25EC%25B2%259C%25EA%25B0%2595%2520%25ED%2583%2581%25EC%25A3%25BC.jpg&w=3840&q=75
0.125927056,0.394322338,0,0.183336375,0.224897619,0,0,0,0.217695686,0,0.318106206,0,0,0,0,0,0,0,0,0,1,0,0,0,0,0,0,0,0.299858729,0,0,0,0,0,0,0,0,0,만강에 비친 달 X 2병,1118,https://www.sooldamhwa.com/_next/image?url=https%3A%2F%2Fd38cxpfv0ljg7q.cloudfront.net%2Fadmin_contents%2Fthumbnail%2F7Owq-1635224815689-a4.jpg&w=3840&q=75
0,0,0,0,0,0,0,0,0.380967451,0.422153453,0.927809767,0.734060309,0,0,0,0,0,0.534791389,0,0,1,0,0,0,0,0,0,0,0,0,0,0,0,0,0.449300108,0,0,0,지란지교 무화과 탁주,1102,https://www.sooldamhwa.com/_next/image?url=https%3A%2F%2Fd38cxpfv0ljg7q.cloudfront.net%2Fadmin_contents%2Fthumbnail%2FIrS1-1633053193961-%25EC%25A7%2580%25EB%259E%2580%25EC%25A7%2580%25EA%25B5%2590%2B%25EB%25AC%25B4%25ED%2599%2594%25EA%25B3%25BC1.jpg&w=3840&q=75
0.440744695,0.690064092,0,0,0,0,0,0,0.380967451,0,0,0,0,0,0,0,0,0,0,0,1,0.832041133,0,0,0,0,0,0,0,0,0.832041133,0,0,0,0.449300108,0,0,0,지란지교 탁주,1101,https://www.sooldamhwa.com/_next/image?url=https%3A%2F%2Fd38cxpfv0ljg7q.cloudfront.net%2Fadmin_contents%2Fthumbnail%2F9gfk-1633669822360-%25EC%25A7%2580%25EB%259E%2580%25EC%25A7%2580%25EA%25B5%2590%2B%25ED%2583%2581%25EC%25A3%25BC1.jpg&w=3840&q=75
0.264857516,0.829362954,0,0,0.473018482,0,0,0,0,0,0.669060504,0,0,0,0,0,0,0,0,0,0.901397743,0,0,0,0,0,0,0,0.630681291,0.482705036,1,0,0.3210434,0,0,0,0,0,삼양춘 탁주 라이트 X 3병,1099,https://www.sooldamhwa.com/_next/image?url=https%3A%2F%2Fd38cxpfv0ljg7q.cloudfront.net%2Fadmin_contents%2Fthumbnail%2FHcmC-1634784403706-%25EC%2582%25BC%25EC%2596%2591%25EC%25B6%2598%2520%25EB%259D%25BC%25EC%259D%25B4%25ED%258A%25B8_%25ED%258C%25A8%25ED%258A%25B8%25EB%25B3%2591.jpg&w=3840&q=75
0.220372347,0,0,0.320838657,0.787141668,0,0,0.603835839,0,0.422153453,0.371123907,0,0,0,0,0,0,0,0,0,1,0,0,0,0.603835839,0,0,0,0.262376388,0,0,0,0.267121315,0,0.449300108,0,0,0,3+1 냥이탁주 9% X 2병,1096,https://www.sooldamhwa.com/_next/image?url=https%3A%2F%2Fd38cxpfv0ljg7q.cloudfront.net%2Fadmin_contents%2Fthumbnail%2FABQR-1631779563506-%25EB%2583%25A5%25EC%259D%25B4%25ED%2583%2581%25EC%25A3%25BC%2B9%25EB%258F%2584%2B%25281%2529.jpg&w=3840&q=75
0,0,0,0.232470187,0.570339536,0,0,0.437521562,0,0.305879887,0.403358084,0.265939178,0,0,0,0,0,0,0,0,0.724570378,0,0,0,0,1,0,0,0,0.291009524,0,0,0.193548192,0,0.325549549,0,0,0,3+1 냥이탁주 5% fresh X 2병,1095,https://www.sooldamhwa.com/_next/image?url=https%3A%2F%2Fd38cxpfv0ljg7q.cloudfront.net%2Fadmin_contents%2Fthumbnail%2FbCTs-1631778967053-%25EB%2583%25A5%25EC%259D%25B4%25ED%2583%2581%25EC%25A3%25BC%2B5%25EB%258F%2584%2B%25282%2529.jpg&w=3840&q=75
0.179547699,0,0,0.348536425,0.10688688,0,0,0,0,0,0.100790691,0,0,0,0,0.161468581,1,0,0,0,0.135791159,0,0,0,0,0,0,0,0.285027151,0,0,0,0,0,0,0,0,0,백련 미스티 살균 막걸리,1093,https://www.sooldamhwa.com/_next/image?url=https%3A%2F%2Fd38cxpfv0ljg7q.cloudfront.net%2Fadmin_contents%2Fthumbnail%2FAKFJ-1631681155244-%25EB%25B0%25B1%25EB%25A0%25A8%2B%25EB%25AF%25B8%25EC%258A%25A4%25ED%258B%25B0.jpg&w=3840&q=75
0.123551865,0,0,0,0,0,0,0,0,0,0.520177004,0,0,0,0,1,0,0,0,0,0,0,0.328407435,0,0,0,0,0.338540861,0,0,0.233242136,0,0,0,0,0,0,0,3+1 벗이랑 홍국,1072,https://www.sooldamhwa.com/_next/image?url=https%3A%2F%2Fd38cxpfv0ljg7q.cloudfront.net%2Fadmin_contents%2Fthumbnail%2FjJNE-1629958633658-%25E1%2584%2587%25E1%2585%25A5%25E1%2586%25BA%25E1%2584%258B%25E1%2585%25B5%25E1%2584%2585%25E1%2585%25A1%25E1%2586%25BC%2520%25E1%2584%2587%25E1%2585%25A5%25E1%2584%258D%25E1%2585%25B5-1.jpg&w=3840&q=75
0.588247272,0,0,0,0.350190594,0,0.297920717,0,0,0,0.495326724,0.326575286,1,0,0,0,0,0,0,0,0.222444452,0,0,0,0,0,0,0,0,0,0.740331735,0,0.475357235,0,0,0.5,0,0,3+1 벗이랑 조릿대,1071,https://www.sooldamhwa.com/_next/image?url=https%3A%2F%2Fd38cxpfv0ljg7q.cloudfront.net%2Fadmin_contents%2Fthumbnail%2FuoBn-1629958646589-%25E1%2584%2587%25E1%2585%25A5%25E1%2586%25BA%25E1%2584%258B%25E1%2585%25B5%25E1%2584%2585%25E1%2585%25A1%25E1%2586%25BC%2520%25E1%2584%258C%25E1%2585%25A9%25E1%2584%2585%25E1%2585%25B5%25E1%2586%25BA%25E1%2584%2583%25E1%2585%25A2-2.jpg&w=3840&q=75
0,0.187409206,0,0,0,0,0,0,0,0,0.251976728,0,0,0,0,0,0,0,0,0,0,0,0,0,0,0,1,0,0.0712567878,0,0.11298383,0,0,0,0,0,0,0,3+1 벗이랑 강황,1070,https://www.sooldamhwa.com/_next/image?url=https%3A%2F%2Fd38cxpfv0ljg7q.cloudfront.net%2Fadmin_contents%2Fthumbnail%2FF5Qt-1629958661574-%25E1%2584%2587%25E1%2585%25A5%25E1%2586%25BA%25E1%2584%258B%25E1%2585%25B5%25E1%2584%2585%25E1%2585%25A1%25E1%2586%25BC%2520%25E1%2584%2580%25E1%2585%25A1%25E1%2586%25BC%25E1%2584%2592%25E1%2585%25AA%25E1%2586%25BC-4.jpg&w=3840&q=75
0,0,0,0.190316744,0,0,0,0,0.225984255,0,0.440290421,0,1,0,0,0.352676763,0,0,0,0,0.148296301,0.246777245,0,0,0,0,0,0,0.311275583,0,0,0,0,0,0,0,0,0,용봉백주 오향주 X 2병,1058,https://www.sooldamhwa.com/_next/image?url=https%3A%2F%2Fd38cxpfv0ljg7q.cloudfront.net%2Fadmin_contents%2Fthumbnail%2FWeuo-1628820031100-%25E1%2584%258B%25E1%2585%25AD%25E1%2586%25BC%25E1%2584%2587%25E1%2585%25A9%25E1%2586%25BC%25E1%2584%258C%25E1%2585%25AE%25E1%2584%258C%25E1%2585%25A9%2520%25E1%2584%258B%25E1%2585%25A9%25E1%2584%2592%25E1%2585%25A3%25E1%2586%25BC%25E1%2584%258C%25E1%2585%25AE%2520%25E1%2584%2590%25E1%2585%25A1%25E1%2586%25A8%25E1%2584%258C%25E1%2585%25AE-1.jpg&w=3840&q=75
0.0979432655,0,0,0.142594958,0,0,0,0,0,0.375247513,0.329887917,0,0,0,0,0.264243321,0,0,0,0,1,0.18489803,0,0,0,0,0,0,0.116611728,0,0,0,0.118720584,0,0.199688937,0,0,0,별산 막걸리 3병/5병,362,https://www.sooldamhwa.com/_next/image?url=https%3A%2F%2Fd38cxpfv0ljg7q.cloudfront.net%2Fadmin_contents%2Fthumbnail%2Fsd4u-1621826638915-%25EB%25B3%2584%25EC%2582%25B0.jpg&w=3840&q=75
0.277991697,0,0,0,0,0,0,0,0,0,0.156053101,0,0,0,0,1,0,0,0,0,0,0,0,0,0,0,0,0,0,0,0.349863204,0,0,0,0.188925245,0,0,0,나루 생 막걸리 11.5% 3병/8병,320,https://www.sooldamhwa.com/_next/image?url=https%3A%2F%2Fd38cxpfv0ljg7q.cloudfront.net%2Fadmin_contents%2Fthumbnail%2Fll8F-1626677175641-%25EB%2582%2598%25EB%25A3%25A8%25EC%2583%259D%25EB%25A7%2589%25EA%25B1%25B8%25EB%25A6%25AC11.5-5_%25EC%258D%25B8%25EB%2584%25A4%25EC%259D%25BC.jpg&w=3840&q=75
0,0,0,1,0,0,0,0,0,0,0.867547985,0,0,0,0,0,0,0,0,0,0,0,0,0,0,0,0,0,0.817782966,0,0,0,0,0,0.700196342,0,0,0,가덕 순쌀 생 막걸리 X 6병,315,https://www.sooldamhwa.com/_next/image?url=https%3A%2F%2Fd38cxpfv0ljg7q.cloudfront.net%2Fadmin_contents%2Fthumbnail%2FsCAK-1621005596200-%25EA%25B0%2580%25EB%258D%2595.jpg&w=3840&q=75
0.206247438,0,0,0,0,0,0,0,0,0,0.521004717,0.343505118,0,0,0,0,0,0,0,0,0,0,0,0,0,0,0,0,0,0,0,0,1,0,0,0,0,0,구름을 벗삼아 10병/12병,141,https://www.sooldamhwa.com/_next/image?url=https%3A%2F%2Fd38cxpfv0ljg7q.cloudfront.net%2Fadmin_contents%2Fthumbnail%2FbmA6-1657597572597-00.jpg&w=3840&q=75
0.185327798,0,0,0,0,0,0,0,0,0,0.234079652,0,0,0,0,1,0,0,0,0,0,0,0.246305576,0,0,0,0,0,0.220652177,0.168880731,0.174931602,0,0,0,0,0,0,0,나루 생 막걸리 6% 3병/6병,279,https://www.sooldamhwa.com/_next/image?url=https%3A%2F%2Fd38cxpfv0ljg7q.cloudfront.net%2Fadmin_contents%2Fthumbnail%2FzOKe-1626677243880-%25EB%2582%2598%25EB%25A3%25A8%25EC%2583%259D%25EB%25A7%2589%25EA%25B1%25B8%25EB%25A6%25AC6-4_%25EC%258D%25B8%25EB%2584%25A4%25EC%259D%25BC.jpg&w=3840&q=75
0,0,0,0,0,0,0,0,0.410609442,0,1,0,0,0,0,0,0,0,0,0,0,0,0,0,0,0,0,0,0,0,0,0,0,0,0.484258868,0,0,0,담은 3병/6병/10병,133,https://www.sooldamhwa.com/_next/image?url=https%3A%2F%2Fd38cxpfv0ljg7q.cloudfront.net%2Fadmin_contents%2Fthumbnail%2FR1o4-1657597732636-00.jpg&w=3840&q=75
0,0,0,0,0,0,0,0,0,0,0.134387588,0.0664526002,0,0,0,0,0,0,0,0,0.0452637198,0,0,0,0,0,1,0,0.0475045252,0,0,0,0.0483636173,0,0.0813479766,0,0,0,대왕 산삼 생 막걸리 X 6병,306,https://www.sooldamhwa.com/_next/image?url=https%3A%2F%2Fd38cxpfv0ljg7q.cloudfront.net%2Fadmin_contents%2Fthumbnail%2FLnvK-1660285175835-resize_P1233215.jpg&w=3840&q=75
0.519364854,0,1,0.453683933,0,0,0,0,0,0,0.349860073,0,0,0,0,0,0,0,0,0,0.117838027,0,0,0,0,0,0,0,0.247343328,0,0,0,0.125908195,0,0,0,0,0.19898292,문삼이공 잣,275,https://www.sooldamhwa.com/_next/image?url=https%3A%2F%2Fd38cxpfv0ljg7q.cloudfront.net%2Fadmin_contents%2Fthumbnail%2FRfNw-1661127479383-thumb.jpg&w=3840&q=75
0,0,0,0.213892438,0.262380556,0,0.223217313,0,0.253978301,0,0.494831876,0.24468677,0,0,0,0,0,0,0,0,1,0.277347044,0,0,0,0,0,0,0.349835184,0.26775363,0.277347044,0,0.178080876,0,0,0,0,0,문삼이공 탁주,282,https://www.sooldamhwa.com/_next/image?url=https%3A%2F%2Fd38cxpfv0ljg7q.cloudfront.net%2Fadmin_contents%2Fthumbnail%2FTtMA-1661127602412-0.jpg&w=3840&q=75
0.176571677,0,0,0,0,0,0,0,0.305247289,0,0.74340056,0.294080136,0,0,0,0,0,0.428497556,0,0,0.20031061,0,0,0,0.4838189,0,0,0,0,0,1,0,0.214028934,0,0,0,0,0,문희 오미자 가향주,142,https://www.sooldamhwa.com/_next/image?url=https%3A%2F%2Fd38cxpfv0ljg7q.cloudfront.net%2Fadmin_contents%2Fthumbnail%2F6dGy-1630317869603-mh%2520omj0.jpg&w=3840&q=75
0.353143354,0,0,0,0,0,0,0,0.305247289,0,0.594720448,0.588160272,0,0,0,0,0,0,0,0,0,0,0,0,0,0,0,0,0,0,1,0,0.214028934,0,0,0,0,0,문희,140,https://www.sooldamhwa.com/_next/image?url=https%3A%2F%2Fd38cxpfv0ljg7q.cloudfront.net%2Fadmin_contents%2Fthumbnail%2FL8Le-1656600873943-0.jpg&w=3840&q=75
0,0,0.31461894,0.142737558,0,0,0,0,0.338976383,0,0.330217816,0,0,0,0,0,0,0,0.206779122,0,0.222444452,0,0,0,0,0,0,0,0,0,0,0,0,0,0,1,0,0,배꽃 필 무렵 잣잎 X 3병,318,https://www.sooldamhwa.com/_next/image?url=https%3A%2F%2Fd38cxpfv0ljg7q.cloudfront.net%2Fadmin_contents%2Fthumbnail%2FKFT7-1622625975208-%25EB%25B0%25B0%25EA%25BD%2583%25ED%2595%2584%25EB%25AC%25B4%25EB%25A0%25B5-%25EC%259E%25A3%25EC%259E%258E.jpg&w=3840&q=75
0.0817465297,0,0,0,0,0,0,0,0.141318851,0,0.0688337076,0,0,0,0,0,0,0,0,0,0.278210483,0,0,0,0,0,0,0,0,0.148983734,0,0,0,0,1,0,0,0,복순도가 손 막걸리 X 3병,135,https://www.sooldamhwa.com/_next/image?url=https%3A%2F%2Fd38cxpfv0ljg7q.cloudfront.net%2Fadmin_contents%2Fthumbnail%2FWqAl-1655692304884-thumb.jpg&w=3840&q=75
0.137357203,0,0,0,0,0,0.208695687,0,0.237455488,0,0.34698007,0.228768427,0,0,0,0,0,1,0,0,0.467472,0,0,0,0,0,0,0,0,0,0,0,0.166495647,0,0.84014088,0,0,0,청남대 블루베리 생 막걸리 X 6병,307,https://www.sooldamhwa.com/_next/image?url=https%3A%2F%2Fd38cxpfv0ljg7q.cloudfront.net%2Fadmin_contents%2Fthumbnail%2FXqYl-1660285280352-resize_P1233363.jpg&w=3840&q=75
0.365796219,0,0,0,0,0,0,0,0,0,0.462021631,0.304616809,0,0,0,0,0,0,0,0,0.622462771,0,0,0,0,0,0,0,0,1,0,0,0,0,0,0,0,0,3병 이상 구매 시 탁주 라이트 증정 삼양춘 탁주,72,https://www.sooldamhwa.com/_next/image?url=https%3A%2F%2Fd38cxpfv0ljg7q.cloudfront.net%2Fadmin_contents%2Fthumbnail%2FlYo2-1657767149603-00.jpg&w=3840&q=75
0,0,0,0,0,0,0.993622343,0,0,0,0.137667415,0,0,0,0,0,0,0,0,0,0.556420966,0,0,0,0,0,0,0,0,0.297967467,0,0.743451913,0.5945276,0,1,0,0,0,선호 생 막걸리 X 20병,284,https://www.sooldamhwa.com/_next/image?url=https%3A%2F%2Fd38cxpfv0ljg7q.cloudfront.net%2Fadmin_contents%2Fthumbnail%2FjifZ-1657597677794-00.jpg&w=3840&q=75
0,1,0,0,0,0,0.242604979,0,0,0,0.268905389,0.265939178,0,0,0,0.861582971,0,0,0,0,0.181142594,0.301436179,0,0,0,0,0,0,0.760440634,0.291009524,0,0,0.387096384,0,0,0,0,0,설하담 X 2병,346,https://www.sooldamhwa.com/_next/image?url=https%3A%2F%2Fd38cxpfv0ljg7q.cloudfront.net%2Fadmin_contents%2Fthumbnail%2FNTGw-1618988709212-%25EC%2584%25A4%25ED%2595%2598%25EB%258B%25B41.jpg&w=3840&q=75
0,0,0,0.178521355,0,0,0,0,0.635934831,0,0.206501123,0,0,0,0,0,0,0,0,0,0,0.231482566,0,0,0,0,0,0,0.43797517,0.223475601,0,0,0,0,1,0,0,0,세종대왕어주 탁주,207,https://www.sooldamhwa.com/_next/image?url=https%3A%2F%2Fd38cxpfv0ljg7q.cloudfront.net%2Fadmin_contents%2Fthumbnail%2FK8OH-1623071019146-%25EC%2584%25B8%25EC%25A2%2585%25EB%258C%2580%25EC%2599%2595%25EC%2596%25B4%25EC%25A3%25BC%25ED%2583%2581%25EC%25A3%25BC-6.jpg&w=3840&q=75
0,0,0,0,0,0,0,0,0.380967451,0,0.742247814,0,0,0,0,0,0,0,0,0,1,0,0,0,0,0,0,0,0.262376388,0.803260891,0,0,0,0,0,0,0,0,수제 탁주 바랑,189,https://www.sooldamhwa.com/_next/image?url=https%3A%2F%2Fd38cxpfv0ljg7q.cloudfront.net%2Fadmin_contents%2Fthumbnail%2FYnqm-1623070981143-%25EB%25B0%2594%25EB%259E%2591-4.jpg&w=3840&q=75
0.163493059,0.511954839,0,0,0.58397617,0,0.248405586,0,0,0,0.137667415,0,0,0,0,0,0,0,0.344823881,0,0.185473655,0,0,0,0,0,0,0,0.194655631,0,0.925930263,0,0.198175867,0,1,0,0,0,술공방 9.0 X 3병,198,https://www.sooldamhwa.com/_next/image?url=https%3A%2F%2Fd38cxpfv0ljg7q.cloudfront.net%2Fadmin_contents%2Fthumbnail%2FJuZY-1659320790308-0.jpg&w=3840&q=75
0.176297878,0,0,0,0.314856667,0,0.535721551,0,0,0.337722762,0.296899125,0,0,0,0,0,0,0,0,0,1,0.332816453,0,0,0,0,0,0,0.20990111,0,0.332816453,0,0.427394104,0,0,0,0,0,술취한 원숭이 X 4병,75,https://www.sooldamhwa.com/_next/image?url=https%3A%2F%2Fd38cxpfv0ljg7q.cloudfront.net%2Fadmin_contents%2Fthumbnail%2FGt8e-1623070755884-%25EC%2588%25A0%25EC%25B7%25A8%25ED%2595%259C%25EC%259B%2590%25EC%2588%25AD%25EC%259D%25B4-5.jpg&w=3840&q=75
0,0,0.157567334,0,0,1,0,0,0.0848830094,0,0.0826897784,0,0,0,0,0.132470579,0,0,0,0,0.0557022714,0,0.130512969,0,0,0,0,0,0.233839373,0.0894869124,0,0,0,0,0,0,0,0,시향가 X 3병,278,https://www.sooldamhwa.com/_next/image?url=https%3A%2F%2Fd38cxpfv0ljg7q.cloudfront.net%2Fadmin_contents%2Fthumbnail%2FsLvd-1659320243466-0.jpg&w=3840&q=75
0,0,0,0,0,0,0,0,0,0,0.55755042,0,0,0,0,0,0,0,0,0,0.150232957,0,0,0,0,0,0,0,0.315340645,0.241352518,1,0,0.1605217,0,0,0,0,0,오매백주 3병/12병,241,https://www.sooldamhwa.com/_next/image?url=https%3A%2F%2Fd38cxpfv0ljg7q.cloudfront.net%2Fadmin_contents%2Fthumbnail%2FurqW-1656438808031-0.jpg&w=3840&q=75
0,0,0,0,0.315345655,0,0,0,0,0,0.446040336,0,0,0,0,0,0,0,0,0,0,0,0,0,0,0,0,0,0,0.321803358,1,0,0,0,0,0,0,0,5+1 오산 막걸리 3병/12병,240,https://www.sooldamhwa.com/_next/image?url=https%3A%2F%2Fd38cxpfv0ljg7q.cloudfront.net%2Fadmin_contents%2Fthumbnail%2FHmCf-1656438760455-0.jpg&w=3840&q=75
0,0,0,0,0,0,0.221799335,0,0,0,0,0.121566204,0,0,0,0,0,0,0,0,0.248411887,0,0,0,1,0,0,0,0,0,0,0,0.176949626,0,0.744076583,0,0,0,오희,138,https://www.sooldamhwa.com/_next/image?url=https%3A%2F%2Fd38cxpfv0ljg7q.cloudfront.net%2Fadmin_contents%2Fthumbnail%2FQJOV-1656600770360-0.jpg&w=3840&q=75
0.176571677,0,0,0,0,0,0,0,0.305247289,0,0.74340056,0,0,0,0,0,0,0,0,0,0,0,0,0,0,0,0,0,0.420454194,0,1,0,0,0,0,0,0,0,천비향 탁주,86,https://www.sooldamhwa.com/_next/image?url=https%3A%2F%2Fd38cxpfv0ljg7q.cloudfront.net%2Fadmin_contents%2Fthumbnail%2FQEuV-1662101323199-0.jpg&w=3840&q=75
0.167981844,0,0,0,0,0,0,0,0.290397664,0,0.424341431,0,0,0,0,0,0,0,0,0,0.571697785,0,0,0,0,0,0,0,1,0,0,0,0.203616885,0,0,0,0,0,택이 X 2병,88,https://www.sooldamhwa.com/_next/image?url=https%3A%2F%2Fd38cxpfv0ljg7q.cloudfront.net%2Fadmin_contents%2Fthumbnail%2FjNno-1660892479098-1.jpg&w=3840&q=75
0,0,0,0,0,0,0.234782648,0,0,0,0.0867450175,0.17157632,0,0,0,0,0,1,0,0,0.350604,0,0,0,0,0,0,0,0,0,0,0,0.124871735,0,0.945158489,0,0,0,편백숲 산소막걸리 딸기 스파클링,292,https://www.sooldamhwa.com/_next/image?url=https%3A%2F%2Fd38cxpfv0ljg7q.cloudfront.net%2Fadmin_contents%2Fthumbnail%2Fu765-1642776242438-1.jpg&w=3840&q=75
0,0,0,0,0,0,0,0,0,0.455000009,1,0,0,0,0,0.640807515,0,0,0,0,0,0,0.631337856,0,0,0,0,0,0.282791147,0,0.448389941,0,0,0,0,0,0,0,담화탁주 X 2병,310,https://www.sooldamhwa.com/_next/image?url=https%3A%2F%2Fd38cxpfv0ljg7q.cloudfront.net%2Fadmin_contents%2Fthumbnail%2FEcFj-1618989215046-%25EB%258B%25B4%25ED%2599%2594%25ED%2583%2581%25EC%25A3%25BC1.jpg&w=3840&q=75
0.0912385177,0,0,0,0,0,0.138624585,0,0,0,0.15365265,0.151957755,0,0,0,0,0,0,0,0,0.310514858,0,0,0,1,0,0,0,0.108629023,0,0,0,0.110593516,0,0,0,0,0,오미자 생 막걸리 X 10병,139,https://www.sooldamhwa.com/_next/image?url=https%3A%2F%2Fd38cxpfv0ljg7q.cloudfront.net%2Fadmin_contents%2Fthumbnail%2FTzbY-1656600825904-0.jpg&w=3840&q=75
0,0,0,0.576336996,0.706989097,0,0,0,0,0,1,0,0,0,0,0,0,0,0,0,0.898172624,0,0,0,0,0,0,0,0.471318578,0,0.747316568,0,0,0,0.807098113,0,0,0.758333349,백년향,144,https://www.sooldamhwa.com/_next/image?url=https%3A%2F%2Fd38cxpfv0ljg7q.cloudfront.net%2Fadmin_contents%2Fthumbnail%2FEjHW-1648538941969-%25EB%25B0%25B1%25EB%2585%2584%25ED%2596%25A5%2520%25EB%25A7%2589%25EA%25B1%25B8%25EB%25A6%25AC.jpg&w=3840&q=75
0,0,0,0,0,0,0,0,0,0,1,0,0,0,0,0,0,0,0,0,0,0,0,0,0,0,0,0,0,0,0,0,0,0,0,0,0,0,붉은 원숭이,153,https://www.sooldamhwa.com/_next/image?url=https%3A%2F%2Fd38cxpfv0ljg7q.cloudfront.net%2Fadmin_contents%2Fthumbnail%2FKs1k-1623070946647-%25EB%25B6%2589%25EC%259D%2580%25EC%259B%2590%25EC%2588%25AD%25EC%259D%25B4-4.jpg&w=3840&q=75
0.0933217642,0,0.598948013,0.54346618,1,0,0,0,0,0,0.157160997,0,0,0,0,0,0,0,0,0,0,0,0,0,0,0,0,0,0,0.170079696,0.35234705,0,0.113118695,0,0,0,0,0,괴산 세종 찰옥수수 6병/12병/20병,124,https://www.sooldamhwa.com/_next/image?url=https%3A%2F%2Fd38cxpfv0ljg7q.cloudfront.net%2Fadmin_contents%2Fthumbnail%2Fuu84-1658109745159-0.jpg&w=3840&q=75
0,0,1,0.453683933,0,0,0,0,0,0,0.262395054,0,0,0,0,0,0,0,0,0,0,0,0,0,0,0,0,0,0,0,0.196092172,0,0.125908195,0,0,0,0,0,세종 알밤주 6병/12병/20병,126,https://www.sooldamhwa.com/_next/image?url=https%3A%2F%2Fd38cxpfv0ljg7q.cloudfront.net%2Fadmin_contents%2Fthumbnail%2FzNh6-1658109835900-0.jpg&w=3840&q=75
0.0346243236,0,1,0.0504093259,0,0,0,0,0,0,0.0583100121,0.0576668125,0,0,0,0,0,0,0,0,0.0785586849,0,0,0,0,0,0,0,0,0,0,0,0.0419693984,0,0,0,0,0,우도 땅콩 전통주 6병/12병/20병,117,https://www.sooldamhwa.com/_next/image?url=https%3A%2F%2Fd38cxpfv0ljg7q.cloudfront.net%2Fadmin_contents%2Fthumbnail%2FFL2D-1658109893504-0.jpg&w=3840&q=75
0,0,0,0,0,0,0,0,0,0,0.178346401,0,0,0,0,1,0,0,0,0,0,0,0.985222304,0,0,0.16580776,0,0,0.126086958,0,0,0,0.0641835844,0,0.107957283,0,0,0,조은술 세종 바나나 6병/12병/20병,119,https://www.sooldamhwa.com/_next/image?url=https%3A%2F%2Fd38cxpfv0ljg7q.cloudfront.net%2Fadmin_contents%2Fthumbnail%2FjiqP-1658109960295-0.jpg&w=3840&q=75
0,0,0,0,0,0,0,0,0,0,0.0452553705,0,0,0,0,0.869999445,0,0,0,0,0,0,1,0,0,0.336589539,0,0,0,0,0,0,0.130292593,0,0,0,0,0,펀치 쌀 바나나 X 6병,128,https://www.sooldamhwa.com/_next/image?url=https%3A%2F%2Fd38cxpfv0ljg7q.cloudfront.net%2Fadmin_contents%2Fthumbnail%2FlHqT-1620960812472-%25ED%258E%2580%25EC%25B9%2598%2520%25EC%258C%2580%25EB%25B0%2594%25EB%2582%2598%25EB%2582%2598.jpg&w=3840&q=75
0.445347922,0,0,0.216126374,0,0,0,0,0,0.284375006,1,0,0,0,0,0,0,0,0.313095042,0,0.505222101,0,0,0,0,0,0,0,0.353488934,0,0,0,0,0,0,0,0,0,나주 배 약주,1227,https://www.sooldamhwa.com/_next/image?url=https%3A%2F%2Fd38cxpfv0ljg7q.cloudfront.net%2Fadmin_contents%2Fthumbnail%2FH34x-1650013763688-1.jpg&w=3840&q=75
0.049020606,0,0,0,0,0,0,0,0,0,0,0,0,0,0,0,0,0,0,0,0.0556111129,0.0925414669,0,0,0,0,0,0,0.0583641718,0,0,0,0.118839309,0,0,1,0.136511373,0,마주,1225,https://www.sooldamhwa.com/_next/image?url=https%3A%2F%2Fd38cxpfv0ljg7q.cloudfront.net%2Fadmin_contents%2Fthumbnail%2F5JmB-1650013818045-1.jpg&w=3840&q=75
0.110490892,0,0,0.120647224,0,0,0,0,0,0,0,0,0,0,0,0,1,0,0,0,0.0313364214,0,0,0,0,0,0,0,0.0328877482,0.0503426435,0,0,0,0,0,0,0,0,백련 맑은 술,1219,https://www.sooldamhwa.com/_next/image?url=https%3A%2F%2Fd38cxpfv0ljg7q.cloudfront.net%2Fadmin_contents%2Fthumbnail%2FfD7o-1649407393332-1.jpg&w=3840&q=75
0.228954484,0,0,1,0.408897978,0,0,0,0,0,0.385576882,0.762647407,0,0,0,0,0,0,0,0,0,0.432221989,0,0,0,0,0,0,0.545188644,0,0,0,0.277524034,0,0,0,0,0,오메기술 13%,1217,https://www.sooldamhwa.com/_next/image?url=https%3A%2F%2Fd38cxpfv0ljg7q.cloudfront.net%2Fadmin_contents%2Fthumbnail%2FUyif-1648193038498-thumb_omg.png&w=3840&q=75
0,0,0,0.101899909,1,0,0,0.383562365,0.120997105,0.134077978,0.294676869,0,0,0,0,0,0,0,0,0,0.158802418,0,0,0,0,0,0,0,0.0833320096,0,0,0,0.0848390212,0,0,0,0,0,보리수헤는밤,1212,https://www.sooldamhwa.com/_next/image?url=https%3A%2F%2Fd38cxpfv0ljg7q.cloudfront.net%2Fadmin_contents%2Fthumbnail%2FjNsm-1647427891162-%25EB%25B3%25B4%25EB%25A6%25AC%25EC%2588%2598%2520%25ED%2597%25A4%25EB%258A%2594%2520%25EB%25B0%25A4.jpg&w=3840&q=75
0.440744695,0,0,0.213892438,0,0,0.223217313,0,0.253978301,0.281435635,0.123707969,0,0,0,0,0,0,0,0,0,1,0,0,0,0,0,0.818249963,0,0.174917592,0,0,0,0.178080876,0,0,0,0,0,청주신선주 약주 16%,1205,https://www.sooldamhwa.com/_next/image?url=https%3A%2F%2Fd38cxpfv0ljg7q.cloudfront.net%2Fadmin_contents%2Fthumbnail%2FZzVY-1645783037319-%25EC%258B%25A0%25EC%2584%25A0%25EC%25A3%25BC%2520%25EC%2595%25BD%25EC%25A3%25BC.jpg&w=3840&q=75
0.408353459,0,0,0,0.291717202,0,0.248175135,0,0.141187747,0.15645141,0.275079397,0,0,0,1,0,0.227434526,0,0.17225199,0,0.185301588,0.154178543,0,0,0,0,0,0,0.0972375226,0.148845518,0,0,0.197992015,0,0,0,0,0,매화깊은밤,1203,https://www.sooldamhwa.com/_next/image?url=https%3A%2F%2Fd38cxpfv0ljg7q.cloudfront.net%2Fadmin_contents%2Fthumbnail%2FXze2-1647427708401-%25EB%25A7%25A4%25ED%2599%2594%2520%25EA%25B9%258A%25EC%259D%2580%2520%25EB%25B0%25A4.jpg&w=3840&q=75
0.27996974,0,0,0,0,0,0.850752289,0,0,0,0,0,0,0,0,0,0,0,0,0,0,0.52852897,0,0,0,0,0,0,1,0,0,0,0,0,0,0,0,0,서설,1187,https://www.sooldamhwa.com/_next/image?url=https%3A%2F%2Fd38cxpfv0ljg7q.cloudfront.net%2Fadmin_contents%2Fthumbnail%2FOry7-1643382476623-1.jpg&w=3840&q=75
0.171715863,0,0,1,0,0,0,0,0.296852829,0,0.722956654,0,0,0,0,0,0,0,0,0,0,0,0,0,0,0,0,0,0,0,0,0,0.208143025,0,0,0,0,0,[3+1] 우포,1178,https://www.sooldamhwa.com/_next/image?url=https%3A%2F%2Fd38cxpfv0ljg7q.cloudfront.net%2Fadmin_contents%2Fthumbnail%2FwUBV-1642382865094-up0.jpg&w=3840&q=75
0.377781167,0,0,0,0,0,0.191329125,0,0.217695686,0,0,0.209731517,0,0,0,0,0,0,0,0,1,0,0,0,0,0,0,0,0.449788094,0,0,0,0.305281503,0,0,0,0.701357112,0,[3+1] 운암 1945,1177,https://www.sooldamhwa.com/_next/image?url=https%3A%2F%2Fd38cxpfv0ljg7q.cloudfront.net%2Fadmin_contents%2Fthumbnail%2F36NE-1642382956497-ua1945%25200.jpg&w=3840&q=75
0.220372347,0,0,0.320838657,0,0,0,0,0,0,0.185561953,0,0,0,0,0.594547471,0,0,0,0,1,0,0,0,0,0,0,0,0.524752776,0,0,0,0,0,0,0,0,0.422153453,청비성,1169,https://www.sooldamhwa.com/_next/image?url=https%3A%2F%2Fd38cxpfv0ljg7q.cloudfront.net%2Fadmin_contents%2Fthumbnail%2FhNkM-1642728455720-1.jpg&w=3840&q=75
0,0,0,0.213892438,0,0,0,0,0,0,0,0.24468677,0,0,0.899434639,0,0,0,0,0,1,0,0,0,0,0,0,0,0,0,0,0,0,0,0,0,0,0,모든날에,1157,https://www.sooldamhwa.com/_next/image?url=https%3A%2F%2Fd38cxpfv0ljg7q.cloudfront.net%2Fadmin_contents%2Fthumbnail%2FUvut-1639124391341-%25EB%25AA%25A8%25EB%2593%25A0%25EB%2582%25A0%25EC%2597%2590.jpg&w=3840&q=75
0.547431106,0,0,0.26566712,0,0,0.277249169,0,0.315456144,0,0.46095795,0,0,0,0,0,0,0,0,0,0.621029717,0,0,0,0,0,0,1,0,0,0,0,0.221187033,0,0,0,0,0,기다림 흑미 약주,1140,https://www.sooldamhwa.com/_next/image?url=https%3A%2F%2Fd38cxpfv0ljg7q.cloudfront.net%2Fadmin_contents%2Fthumbnail%2FFCSu-1638231485488-%25EA%25B8%25B0%25EB%258B%25A4%25EB%25A6%25BC%2520%25ED%259D%2591%25EB%25AF%25B8%2520%25EB%25A7%2591%25EC%259D%2580%25EC%2588%25A0-2.jpg&w=3840&q=75
0.176297878,0,0,0.256670925,0,0,0,0,0.304773961,0,0.445348688,0,0,0,0,0,0,0,0,0,1,0,0,0,0,0.552051274,0,0,0,0.321304356,0,0,0.213697052,0,0,0,0,0,기다림 백미 약주,1139,https://www.sooldamhwa.com/_next/image?url=https%3A%2F%2Fd38cxpfv0ljg7q.cloudfront.net%2Fadmin_contents%2Fthumbnail%2Fa6DD-1638232328653-%25EA%25B8%25B0%25EB%258B%25A4%25EB%25A6%25BC%2520%25EB%25B0%25B1%25EB%25AF%25B8%2520%25EB%25A7%2591%25EC%259D%2580%25EC%2588%25A0.jpg&w=3840&q=75
0.103872971,0,0,0.0756139888,0,0,0,0.142309648,0,0,0.0437325091,0.0865002187,0.132435341,0,0,0,0,0,0,0,0.117838027,0,0,1,0,0,0,0,0,0,0,0,0,0.152583589,0,0,0,0,동짓달 기나긴 밤,1125,https://www.sooldamhwa.com/_next/image?url=https%3A%2F%2Fd38cxpfv0ljg7q.cloudfront.net%2Fadmin_contents%2Fthumbnail%2FyffC-1635929308504-%25EB%258F%2599%25EC%25A7%2593%25EB%258B%25AC%2520%25EA%25B8%25B0%25EB%2582%2598%25EA%25B8%25B4%2520%25EB%25B0%25A4.jpg&w=3840&q=75
0,0,0,0,0,0,0,0,0.342174535,0,1,0,0,0,0,0,0,0,0.417460056,0,0.449086312,0.373658284,0,0,0,0,0,0,0.235659289,0,0,0,0.479842104,0,0,0,0,0,지란지교 약주,1100,https://www.sooldamhwa.com/_next/image?url=https%3A%2F%2Fd38cxpfv0ljg7q.cloudfront.net%2Fadmin_contents%2Fthumbnail%2F0627-1654681288573-thumb.jpg&w=3840&q=75
0.589211535,0,0,0.857829213,0,1,0,0,0.509298057,0,0.992277341,0,0,0,0,0,0.820410868,0,0,0,0,0.556158973,0,0,0,0,0,0,0.350759059,0,0.556158973,0,0,0,0,0,0,0,용봉약주 오향주 X 2병,1057,https://www.sooldamhwa.com/_next/image?url=https%3A%2F%2Fd38cxpfv0ljg7q.cloudfront.net%2Fadmin_contents%2Fthumbnail%2FEgfP-1628820044140-%25E1%2584%258B%25E1%2585%25AD%25E1%2586%25BC%25E1%2584%2587%25E1%2585%25A9%25E1%2586%25BC%25E1%2584%258C%25E1%2585%25AE%25E1%2584%258C%25E1%2585%25A9%2520%25E1%2584%258B%25E1%2585%25A9%25E1%2584%2592%25E1%2585%25A3%25E1%2586%25BC%25E1%2584%258C%25E1%2585%25AE%2520%25E1%2584%258B%25E1%2585%25A3%25E1%2586%25A8%25E1%2584%258C%25E1%2585%25AE-1.jpg&w=3840&q=75
0.457908969,0,0,1,0,0,0.69573073,0,0.395803771,0.438593713,0.385576882,0,0,0,0,0,0,0,0,0,0.5194719,0,0,0,0,0,0,0,0,0,0,0,0.555048068,0,0,0,0,0,궁중술 왕주,1051,https://www.sooldamhwa.com/_next/image?url=https%3A%2F%2Fd38cxpfv0ljg7q.cloudfront.net%2Fadmin_contents%2Fthumbnail%2FWNF6-1626419861484-%25EA%25B6%2581%25EC%25A4%2591%25EC%2588%25A0%2B%25EC%2599%2595%25EC%25A3%25BC-6.jpg&w=3840&q=75
0.110186174,0,0,0.160419328,0.196785417,0,0,0,0,0,0.463904884,0.183515077,0,0,0,0,0,0,0,0,1,0.208010283,0,0,0,0,0,0,0,0,0,0,0.133560657,0,0,0,0,0,한청,1050,https://www.sooldamhwa.com/_next/image?url=https%3A%2F%2Fd38cxpfv0ljg7q.cloudfront.net%2Fadmin_contents%2Fthumbnail%2FXTw3-1626418880583-%25ED%2595%259C%25EC%25B2%25AD%2B1%25EB%25B3%2591-4.jpg&w=3840&q=75
0.419947939,0,0,0.407599635,1,0,0,0,0,0.268155956,0.235741495,0.233141104,0,0,0,0,0,0,0,0,0.158802418,0,0,0,0,0,0,0,0,0,0.264260287,0,0,0,0,0,0,0,오메기술 15%,1037,https://www.sooldamhwa.com/_next/image?url=https%3A%2F%2Fd38cxpfv0ljg7q.cloudfront.net%2Fadmin_contents%2Fthumbnail%2FyQAm-1640845820527-omgs15%25200.jpg&w=3840&q=75
0.130721616,0,0,0,0,0,0.397227622,0,0.225984255,0.250415182,0.220145211,0,1,0,0,0,0,0,0,0,0,0,0,0,0,0,0,0,0,0,0,0,0,0,0,0,0,0,감사 블루,1015,https://www.sooldamhwa.com/_next/image?url=https%3A%2F%2Fd38cxpfv0ljg7q.cloudfront.net%2Fadmin_contents%2Fthumbnail%2FX97A-1623071164234-%25EA%25B0%2590%25EC%2582%25AC%25EB%25B8%2594%25EB%25A3%25A8-5.jpg&w=3840&q=75
0.51514759,0,0,1,0,0,0,0,0.890558486,0,0.867547985,0,0,0,0,0,0,0,0,0,0.194801963,0,0,0,0,0,0,0,0,0.625907192,0,0,0,0,0,0,0,0,감사,65,https://www.sooldamhwa.com/_next/image?url=https%3A%2F%2Fd38cxpfv0ljg7q.cloudfront.net%2Fadmin_contents%2Fthumbnail%2FHnDN-1623070602561-%25EA%25B0%2590%25EC%2582%25AC-5.jpg&w=3840&q=75
0,0,0,0.0756139888,0,0,0,0.142309648,0.0897849058,0,0.306127564,0,0.132435341,0,0,0,0,0,0,0,0.294595068,0,0,1,0,0,0,0,0.061835832,0,0,0,0,0,0,0,0,0,복단지,226,https://www.sooldamhwa.com/_next/image?url=https%3A%2F%2Fd38cxpfv0ljg7q.cloudfront.net%2Fadmin_contents%2Fthumbnail%2FFBZt-1642729015810-2.jpg&w=3840&q=75
0,0,0,0,0.262380556,0,0.446434626,0,0.253978301,0,0.494831876,0.489373539,0,0,0,0,0,0,0,0,1,0,0,0,0,0,0,0.402557226,0.174917592,0.26775363,0.277347044,0.334033024,0.356161753,0,0,0,0,0,청명주 약주 17%,116,https://www.sooldamhwa.com/_next/image?url=https%3A%2F%2Fd38cxpfv0ljg7q.cloudfront.net%2Fadmin_contents%2Fthumbnail%2FYWiZ-1626743178251--01.jpg&w=3840&q=75
0.264857516,0,0,0.385604321,0,0,0,0.362864175,0.457870934,0,0.334530252,0,0,0,0,0,0,0,0,0,0,0,0,0,0,0,0,0,0,0,1,0,0,0,0,0,0,0,[3+1] 단상지교,197,https://www.sooldamhwa.com/_next/image?url=https%3A%2F%2Fd38cxpfv0ljg7q.cloudfront.net%2Fadmin_contents%2Fthumbnail%2F52FZ-1630317284690-dan0.jpg&w=3840&q=75
0.870032552,0,0,0.760004815,0.310764432,0,0,0,0.601625544,1,0.586080574,0,0,0,0,0,0,0,0,0,0.394801145,0,0,0,0,0,0,0,0,0.31712832,0.328490792,0,0,0,0,0,0,0.333333333,동몽,350,https://www.sooldamhwa.com/_next/image?url=https%3A%2F%2Fd38cxpfv0ljg7q.cloudfront.net%2Fadmin_contents%2Fthumbnail%2FcVeM-1618991598993-%25EB%258F%2599%25EB%25AA%25BD1.jpg&w=3840&q=75
0.237518892,0,0,0,0,0,0,0,0.410609442,0,1,0,0,0,0,0,0,0,0,0,0,0,0,0,0,0,0,0,0.282791147,0,0,0,0,0,0,0,0,0,맑은 문희주,145,https://www.sooldamhwa.com/_next/image?url=https%3A%2F%2Fd38cxpfv0ljg7q.cloudfront.net%2Fadmin_contents%2Fthumbnail%2FT20d-1656600970882-0.jpg&w=3840&q=75
0.108894256,0,0,0.158538433,0.194478134,0,0.33090018,0.298377972,0,0,0.183386264,0,0,0,1,0,0.303246035,0,0,0,0.370603175,0,0,0,0,0,0,0,0.25930006,0,0,0,0.527978706,0,0,0,0,0,매실 향기 담은 술,339,https://www.sooldamhwa.com/_next/image?url=https%3A%2F%2Fd38cxpfv0ljg7q.cloudfront.net%2Fadmin_contents%2Fthumbnail%2F6txz-1619164915689-%25EB%25A7%25A4%25ED%2596%25A5%25EC%2588%25A0%2520%25EC%2595%25BD%25EC%25A3%25BC.jpg&w=3840&q=75
0,0,0,0,0,0,0,0,0,0,0.503953455,0,0,0,0,0,1,0,0,0,0.271582319,0.22596766,0,0,0,0,0,0,0.142513576,0.218151455,0,0,0,0,0,0,0,0,면천 두견주 [2병/4병],64,https://www.sooldamhwa.com/_next/image?url=https%3A%2F%2Fd38cxpfv0ljg7q.cloudfront.net%2Fadmin_contents%2Fthumbnail%2FQ9Hf-1655691627225-thumb.jpg&w=3840&q=75
0,0,0,0.21054204,0,0,0.878883402,0,1,0,0.24354043,0.240854011,0,0,0,0,0,0,0,0,0.984336061,0,0,0,0,0,0,0,0.172177694,0,0,0,0.525874285,0,0,0,0,0.277027245,문삼이공 약주,283,https://www.sooldamhwa.com/_next/image?url=https%3A%2F%2Fd38cxpfv0ljg7q.cloudfront.net%2Fadmin_contents%2Fthumbnail%2FH1Vt-1661127324112-00.jpg&w=3840&q=75
0.27996974,0,0,0,0.250003971,0,0,0,0.241998053,0,0.23574524,0,0.35695415,0,0,0,0,0,0,0,0.15880494,0,0,0,0,0,0,0,1,0.255123596,0,0,0.169680738,0,0,0,0,0,[3병 이상 구매 시 탁주 증정] 삼양춘 약주,151,https://www.sooldamhwa.com/_next/image?url=https%3A%2F%2Fd38cxpfv0ljg7q.cloudfront.net%2Fadmin_contents%2Fthumbnail%2FnBkV-1662364266026-0.jpg&w=3840&q=75
0,0,0,0.489127332,0.600009531,0,0.255225687,0,0,0,0.282894288,0,0,0,0,0,0,0,0.354291195,0,0.381131857,0,0,0,0,0,0,0,1,0.306148315,0,0,0.203616885,0,0,0,0,0,세종대왕어주 약주,208,https://www.sooldamhwa.com/_next/image?url=https%3A%2F%2Fd38cxpfv0ljg7q.cloudfront.net%2Fadmin_contents%2Fthumbnail%2Ftsxw-1623071059946-%25EC%2584%25B8%25EC%25A2%2585%25EB%258C%2580%25EC%2599%2595%25EC%2596%25B4%25EC%25A3%25BC%25EC%2595%25BD%25EC%25A3%25BC-4.jpg&w=3840&q=75
0.0718190797,0,0,0,0,0,0,0,0.0620784142,0,0.302372073,0,0,0,0,0,1,0,0,0,0,0.067790298,0,0,0,0,0,0,0.0855081454,0,0.135580596,0,0,0,0,0,0,0,술아 국화주,147,https://www.sooldamhwa.com/_next/image?url=https%3A%2F%2Fd38cxpfv0ljg7q.cloudfront.net%2Fadmin_contents%2Fthumbnail%2F0tUF-1650544574118-1.jpg&w=3840&q=75
0.0398994887,0,0,0,0,0,0.121243751,0,0.0689760157,0,0.235178279,0,0,0.103110328,0,0,1,0,0,0,0.181054879,0.0753225534,0,0,0,0,0,0,0,0,0,0,0.193454469,0,0.162695953,0,0,0,술아 매화주,103,https://www.sooldamhwa.com/_next/image?url=https%3A%2F%2Fd38cxpfv0ljg7q.cloudfront.net%2Fadmin_contents%2Fthumbnail%2FD1LH-1659320729162-0.jpg&w=3840&q=75
0.296898614,0,0,0,0,0,0,0,0.513261803,0,1,0,0,0,0,0,0,0,0,0,0,0,0,0,0,0,0,0,0,0,0,0,0,0,0,0,0,0.568750012,술아 순곡주,111,https://www.sooldamhwa.com/_next/image?url=https%3A%2F%2Fd38cxpfv0ljg7q.cloudfront.net%2Fadmin_contents%2Fthumbnail%2F3zHB-1659320574703-0.jpg&w=3840&q=75
0.179547699,0,0,0,0,0,0,0,0.103464024,0,0.251976728,0,0,0,0,0,1,0,0,0,0,0.11298383,0,0,0,0,0,0,0.142513576,0,0,0,0.290181704,0,0,0,0,0,술아 연화주,105,https://www.sooldamhwa.com/_next/image?url=https%3A%2F%2Fd38cxpfv0ljg7q.cloudfront.net%2Fadmin_contents%2Fthumbnail%2F1k1g-1659320636748-0.jpg&w=3840&q=75
0,0,0,0,0,0,0,0,0,0,1,0,0,0,0,0,0,0,0,0,0,0,0,0,0,0,0,0,0.471318578,0,0.747316568,0,0,0,0,0,0,0,우리술 오늘 약주,106,https://www.sooldamhwa.com/_next/image?url=https%3A%2F%2Fd38cxpfv0ljg7q.cloudfront.net%2Fadmin_contents%2Fthumbnail%2FFOhw-1661127710124-thumb.jpg&w=3840&q=75
0.118759446,0,0,0.172901099,0.212096729,0,0,0,0,0,1,0,0,0,0,0,0,0,0,0,0,0.22419497,0,0,0,0,0,0,0,0,0.448389941,0,0.287905263,0,0,0,0,0,천비향 약주,87,https://www.sooldamhwa.com/_next/image?url=https%3A%2F%2Fd38cxpfv0ljg7q.cloudfront.net%2Fadmin_contents%2Fthumbnail%2Foi4g-1662101198843-0.jpg&w=3840&q=75
0,0,0,0,0,0,0.292961134,0,1,0,0.48708086,0.321138681,0,0,0,0,0,0,0,0,0.874965388,0,0,0,0,0,0,0,0,0,0,0,0.233721905,0,0,0,0,0.369369659,수제 약주 별바랑,188,https://www.sooldamhwa.com/_next/image?url=https%3A%2F%2Fd38cxpfv0ljg7q.cloudfront.net%2Fadmin_contents%2Fthumbnail%2FBcvC-1623070966069-%25EB%25B3%2584%25EB%25B0%2594%25EB%259E%2591-4.jpg&w=3840&q=75
0.395864819,0,0,0.288168498,0,0,0,0,0,0,1,0.329656437,0,0,0,0,0,0,0,0,0.449086312,0.373658284,0,0,0,0,0,0,0,0,0,0,0,0,0,0,0,0.758333349,경성 과하주,225,https://www.sooldamhwa.com/_next/image?url=https%3A%2F%2Fd38cxpfv0ljg7q.cloudfront.net%2Fadmin_contents%2Fthumbnail%2FUmUF-1659320505466-0.jpg&w=3840&q=75
0.353143354,0,0,0.514139095,0,0.599349016,0,0,0.305247289,0,0.892080672,0,0,0,0,0,0,0,0,0,0.20031061,0,0,0,0,0,0,0,0,0.965410073,1,0,0.214028934,0,0,0,0,0,토박이 한산 소곡주,257,https://www.sooldamhwa.com/_next/image?url=https%3A%2F%2Fd38cxpfv0ljg7q.cloudfront.net%2Fadmin_contents%2Fthumbnail%2Fxhxs-1657767046056-00.jpg&w=3840&q=75
0.064493198,0,0,0.281685673,0.115180702,0,0,0,0.111492252,0,0.325834451,0,0,1,0,0,0,0,0,0,0.146327792,0,0,0,0,0,0,0,0.15357183,0,0,0,0,0,0,0,0,0,고흥 유자주 8%,194,https://www.sooldamhwa.com/_next/image?url=https%3A%2F%2Fd38cxpfv0ljg7q.cloudfront.net%2Fadmin_contents%2Fthumbnail%2FrC0W-1659321041025-0.jpg&w=3840&q=75
0.215457239,0,0,0.209121855,0.128264255,0,0.109119376,0,0.124156828,0,0,0,0,0,0,0,0,0,0,0,0.325898782,0,0,0,0,0,1,0,0,0,0,0,0.0870545112,0,0,0,0,0,금산인삼주 약주 [3병/6병/15병],354,https://www.sooldamhwa.com/_next/image?url=https%3A%2F%2Fd38cxpfv0ljg7q.cloudfront.net%2Fadmin_contents%2Fthumbnail%2FuKpr-1620616783981-%25EA%25B8%2588%25EC%2582%25B0%25EC%259D%25B8%25EC%2582%25BC%25EC%25A3%25BC.jpg&w=3840&q=75
0.171715863,0,0,1,0.306673484,0,0.260899024,0,0,0.986835853,0.433773993,0.285992778,0,0,0,0,0,0,0,0,0,0.324166492,0,0,0,0,0,0,0.204445741,0.312953596,0,0,0.208143025,0,0,0,0,0,김포 특주 [12병/20병],286,https://www.sooldamhwa.com/_next/image?url=https%3A%2F%2Fd38cxpfv0ljg7q.cloudfront.net%2Fadmin_contents%2Fthumbnail%2FdCC0-1657597631019-00.jpg&w=3840&q=75
0,0,0,0,0,0,1,0,0,0,0.277102093,0,0,0,0,0,0,0,0,0,0.186664135,0,0,0,0,0,0,0,0.587715139,0,0,0,0.797791507,0,0,0,0,0,녹파주,313,https://www.sooldamhwa.com/_next/image?url=https%3A%2F%2Fd38cxpfv0ljg7q.cloudfront.net%2Fadmin_contents%2Fthumbnail%2FOOk8-1618994341750-%25EB%2585%25B9%25ED%258C%258C%25EC%25A3%25BC.jpg&w=3840&q=75
0.261009766,0,0,0.760004815,0,0,0.396569028,0,0,1,0,0,0,0,0,0,0,0,0.550496766,0,0.888302577,0,0,0,0,0,0,0,0,0.47569248,0,0,0.632758806,0,0,0,0,0,능이주,304,https://www.sooldamhwa.com/_next/image?url=https%3A%2F%2Fd38cxpfv0ljg7q.cloudfront.net%2Fadmin_contents%2Fthumbnail%2FzHVf-1654855732966-thumb.jpg&w=3840&q=75
0.154783675,0,0,0.338022808,0.414650528,0,0,0,0,0,0.0651668902,0.128896109,0,1,0,0,0,0,0,0,0.0877966752,0,0,0,0,0,0,0,0.0921430981,0.141047271,0,0,0,0,0,0,0.215518879,0,니모메,130,https://www.sooldamhwa.com/_next/image?url=https%3A%2F%2Fd38cxpfv0ljg7q.cloudfront.net%2Fadmin_contents%2Fthumbnail%2FOOKM-1640845223998-nmm0.jpg&w=3840&q=75
0.718190797,0,0,0,0,0,0,0,0,0,0,0.299036701,0,0.92799295,0,0,0,0,0,0,0.611060217,0,0,0,0,0,0,0,0,0,0,0,0.217636278,0,0,0.45783731,1,0,송이주,303,https://www.sooldamhwa.com/_next/image?url=https%3A%2F%2Fd38cxpfv0ljg7q.cloudfront.net%2Fadmin_contents%2Fthumbnail%2F2TRY-1654855378047-thumb.jpg&w=3840&q=75
0.261443232,0,0,0.190316744,0.233460396,0,0,0,0,0,0.110072605,0,0.333333333,0,0,0,0,0,0,0,0,0,0,0,0,0,0,0,0.466913374,0,0,0,0.475357235,0,0,1,0,0,솔송주,93,https://www.sooldamhwa.com/_next/image?url=https%3A%2F%2Fd38cxpfv0ljg7q.cloudfront.net%2Fadmin_contents%2Fthumbnail%2FTt0h-1653875726525-SOL_THUMB.jpg&w=3840&q=75
0,0,0,0,0,0,0.198613811,0,0.225984255,0.250415182,0.220145211,0,1,0,0,0,0,0,0,0,0,0,0,0,0,0,0,0,0,0,0,0,0.158452412,0,0,0,0,0,그리움,60,https://www.sooldamhwa.com/_next/image?url=https%3A%2F%2Fd38cxpfv0ljg7q.cloudfront.net%2Fadmin_contents%2Fthumbnail%2Fhs2k-1623070648101-%25EA%25B7%25B8%25EB%25A6%25AC%25EC%259B%2580-4.jpg&w=3840&q=75
0.144613632,0,0,0,0,0,0,0,1,0.554054489,0.121770215,0,0,0,0,0,0,0,0,0,0.16405601,0.273002697,0.384390732,0,0,0,0,0,0,0.263559554,0,0,0,0,0,0,0,0,[3병 이상 구매 시 탁주 증정] 삼양춘 청주,231,https://www.sooldamhwa.com/_next/image?url=https%3A%2F%2Fd38cxpfv0ljg7q.cloudfront.net%2Fadmin_contents%2Fthumbnail%2FgXOc-1662364336049-0.jpg&w=3840&q=75
0.289227265,0,0,0,0,0,0,0,1,0,0,0.963416044,0.737514507,0,0,0,0,0,0,0,0,0,0,0,0,0,0,0,0.688710774,0.527119108,0,0,0,0,0,0,0,0,[3+1] 하타,199,https://www.sooldamhwa.com/_next/image?url=https%3A%2F%2Fd38cxpfv0ljg7q.cloudfront.net%2Fadmin_contents%2Fthumbnail%2F90HB-1661128019239-0.jpg&w=3840&q=75
0,0,0,0.514139095,0.315345655,0,0.268276776,0,0,0,0.74340056,0,0,0,0,0,0,0,0,0,0,0.666666667,0,0,0,0,0,0,0.210227097,0,1,0,0,0,0,0,0,0,우렁이쌀 청주,148,https://www.sooldamhwa.com/_next/image?url=https%3A%2F%2Fd38cxpfv0ljg7q.cloudfront.net%2Fadmin_contents%2Fthumbnail%2FwHXM-1654568854786-thumb.jpg&w=3840&q=75
0.182477035,0,0,0,0,0.619393968,0,0,0,0,0.46095795,0,0,0,0,0,0,0,0,0,0,0.688963026,0,0,1,0,0,0,0.217258045,0.332565923,0,0,0,0,0,0,0,0,구기홍주,200,https://www.sooldamhwa.com/_next/image?url=https%3A%2F%2Fd38cxpfv0ljg7q.cloudfront.net%2Fadmin_contents%2Fthumbnail%2FFJaf-1626762371443-%25EA%25B5%25AC%25EA%25B8%25B0%25ED%2599%258D%25EC%25A3%25BC-4.bmp&w=3840&q=75
0,0,0,0,0,1,0,0.0620954359,0,0,0.0381645131,0,0,0,0,0,0,0,0,0,0,0.0427814594,0,0,0,0.0709627152,0,0,0.0269814661,0,0,0,0,0,0,0,0,0,제주 몬순 커피주,281,https://www.sooldamhwa.com/_next/image?url=https%3A%2F%2Fd38cxpfv0ljg7q.cloudfront.net%2Fadmin_contents%2Fthumbnail%2FTXBS-1642776076175-1.jpg&w=3840&q=75
0.0512993426,0,0,0,0.0916173254,0,0,0,0,0,0.129588031,0.0854390574,0,0,0,0,0,0,0,0,0.0581962111,0,0,0,0,0,1,0,0,0,0,0,0,0,0,0,0,0,[10+1] 홍삼명주,76,https://www.sooldamhwa.com/_next/image?url=https%3A%2F%2Fd38cxpfv0ljg7q.cloudfront.net%2Fadmin_contents%2Fthumbnail%2F7rOd-1652094650305-hongsam_thumbnail.png&w=3840&q=75
0.261009766,0,0,0,0,0,0,0,0,0,0.146520144,0,0,0,0,0,0,0,0,0.266323369,0,0,0,0,0,0,0.484569034,0,0.207172997,0,0.164245396,0,0,0,0,0,0,1,[10+1] 화주,314,https://www.sooldamhwa.com/_next/image?url=https%3A%2F%2Fd38cxpfv0ljg7q.cloudfront.net%2Fadmin_contents%2Fthumbnail%2FWBNh-1654681417916-thumb.jpg&w=3840&q=75
0.593797229,0,0,0,0,0,0,0,0,0.568750012,1,0,0,0.767260795,0,0,0,0,0,0,0.336814734,0,0.78917232,0,0,0.929695015,0,0,0,0,0,0,0.359881578,0,0.605323585,0,0,0,[5+1] 아이엠더문 오리지널 / 화이트,300,https://www.sooldamhwa.com/_next/image?url=https%3A%2F%2Fd38cxpfv0ljg7q.cloudfront.net%2Fadmin_contents%2Fthumbnail%2F3j8w-1628842691559-%25E1%2584%258B%25E1%2585%25A1%25E1%2584%258B%25E1%2585%25B5%25E1%2584%258B%25E1%2585%25A6%25E1%2586%25B7%25E1%2584%2583%25E1%2585%25A5%25E1%2584%2586%25E1%2585%25AE%25E1%2586%25AB%2520375ml%2520%252B%2520%25E1%2584%2587%25E1%2585%25A1%25E1%2586%25A8%25E1%2584%2589%25E1%2585%25B3-1.jpg&w=3840&q=75
0,0,0,0,0,0,0,0,0,0,0.707235719,0,0,0,0,0,0,0,0,0,0,0,0,0,0,0,0,0,1,0,0,0,0,0,0,0,0,0,[문배술X장욱진 아트에디션] 문배술 25% X 2병 + 전용잔 2개,249,https://www.sooldamhwa.com/_next/image?url=https%3A%2F%2Fd38cxpfv0ljg7q.cloudfront.net%2Fadmin_contents%2Fthumbnail%2FsW6A-1656324449377-moonbaesool.jpg&w=3840&q=75
0,0,0,0.760004815,0.466146648,0,0.396569028,0,0,1,0,0.434711776,0,0,0,0,0,0,0,0,0,0,0,0,0,0,0,0,0.310759496,0,0,0,0,0,0,0,0,0,겨울소주 25%,202,https://www.sooldamhwa.com/_next/image?url=https%3A%2F%2Fd38cxpfv0ljg7q.cloudfront.net%2Fadmin_contents%2Fthumbnail%2F4wNn-1623071000960-%25EA%25B2%25A8%25EC%259A%25B8%25EC%2586%258C%25EC%25A3%25BC25-5.jpg&w=3840&q=75
1,0,0,0,0.297655943,0,0.253227453,0,0,0,0.140339714,0,0,0,0,0,0,0,0,0,0,0,0,0,0,0,0,0,0.396868287,0,0,0,0,0,0,0,0,0,겨울소주 45%,1007,https://www.sooldamhwa.com/_next/image?url=https%3A%2F%2Fd38cxpfv0ljg7q.cloudfront.net%2Fadmin_contents%2Fthumbnail%2FdwyI-1623071076807-%25EA%25B2%25A8%25EC%259A%25B8%25EC%2586%258C%25EC%25A3%25BC45-4.jpg&w=3840&q=75
0.279965293,0,0,0.203799818,1,0,0,0,0,0,0.353612242,0.233141104,0,0,0,0,0,0,0,0,0,0,0,0,0,0,0,0,0.833320096,0,0,0,0,0,0,0,0,0.268155956,고소리술 29%,125,https://www.sooldamhwa.com/_next/image?url=https%3A%2F%2Fd38cxpfv0ljg7q.cloudfront.net%2Fadmin_contents%2Fthumbnail%2FGLTI-1640844828100-%25EA%25B3%25A0%25EC%2586%258C%25EB%25A6%25AC%25EC%2588%25A0%252029%2520%25281%2529.jpg&w=3840&q=75
1,0,0,0.485297816,0,0,0,0,0,0,0,0,0,0,0,0,0,0,0,0,0,0,0,0,0,0,0,0,0,0,0,0,0,0,0,0,0,0.957818568,고소리술 40%,1020,https://www.sooldamhwa.com/_next/image?url=https%3A%2F%2Fd38cxpfv0ljg7q.cloudfront.net%2Fadmin_contents%2Fthumbnail%2FFub0-1642776484008-1.jpg&w=3840&q=75
0.364954071,0,0,0,0,0,0,0,0,0,0.15365265,0.303915511,0,0,0,0,0,0,0,0,0,0.344481513,0,0,1,0,0,0,0.434516091,0,0,0,0,0,0,0,0,0.699119571,고운달 백자 (세트포장),92,https://www.sooldamhwa.com/_next/image?url=https%3A%2F%2Fd38cxpfv0ljg7q.cloudfront.net%2Fadmin_contents%2Fthumbnail%2F3PxC-1661127912280-thumb.jpg&w=3840&q=75
0.0933379334,0,0,0,0,0,0,0,0,0,0.0392970567,0.0777271661,0,0,0,0,0,0,0,1,0,0.0881020246,0,0,0.255752548,0,0,0,0.111128597,0,0,0,0,0,0,0,0,0.178801612,고운달 오크 (세트포장),94,https://www.sooldamhwa.com/_next/image?url=https%3A%2F%2Fd38cxpfv0ljg7q.cloudfront.net%2Fadmin_contents%2Fthumbnail%2FnhA2-1661127817725-thumb.jpg&w=3840&q=75
0.0828681689,0,0,0.0804314827,0,0,0,0,0,0,0,0.0920112926,0,0,0,0,0,0,0,0,0,0,0,0,0,0,1,0,0.0657754964,0,0,0,0,0,0,0,0,0,금산인삼주 수삼 23%,340,https://www.sooldamhwa.com/_next/image?url=https%3A%2F%2Fd38cxpfv0ljg7q.cloudfront.net%2Fadmin_contents%2Fthumbnail%2FjmfD-1620624883434-%25EC%2588%2598%25EC%2582%25BC.jpg&w=3840&q=75
0.858579316,0,0,1,0.306673484,0,0,0,0,0,0.144591331,0.285992778,0,0,0,0,0,0,0,0,0,0,0,0,0,0,0,0,0,0,0.324166492,0,0,0,0,0,0,0.328945284,금설,1049,https://www.sooldamhwa.com/_next/image?url=https%3A%2F%2Fd38cxpfv0ljg7q.cloudfront.net%2Fadmin_contents%2Fthumbnail%2Fizr4-1660285384158-resize_-6.jpg&w=3840&q=75
0.593797229,0,0,0,0,0,0.451097279,0.81352323,0,0,1,0,0,0.767260795,0,0,0,0,0,0,0.336814734,0.560487426,0,0,0,0,0,0,0.353488934,0,0,0,0.359881578,0,0,0,0,0.568750012,꿀샘16,254,https://www.sooldamhwa.com/_next/image?url=https%3A%2F%2Fd38cxpfv0ljg7q.cloudfront.net%2Fadmin_contents%2Fthumbnail%2FYzps-1653552795046-SAM_THUMB1.jpg&w=3840&q=75
0.228954484,0,0,1,0,0,0,0,0,0,0.0963942206,0,0,0,0,0,0,0,0,0,0,0,0,0,0,0,0,0,0,0,0,0,0,0,0,0,0,0,농태기 25%,1171,https://www.sooldamhwa.com/_next/image?url=https%3A%2F%2Fd38cxpfv0ljg7q.cloudfront.net%2Fadmin_contents%2Fthumbnail%2F63bB-1642728273050-1.jpg&w=3840&q=75
0.522019531,0,0,0,0,0,0.264379352,0,0,0,0.293040287,0,0,0,0,0,0.969138068,0,0,0,0.197400573,0,0,0,0,0,0,0,0,0,0,0,0.421839204,0,0,0,0,1,달홀진주 40%,1170,https://www.sooldamhwa.com/_next/image?url=https%3A%2F%2Fd38cxpfv0ljg7q.cloudfront.net%2Fadmin_contents%2Fthumbnail%2Fn4jH-1642728692094-1.jpg&w=3840&q=75
0.261443232,0,0,0,0,0,0.198613811,0,0,0,0.110072605,0,0,0,0,0,0,0,0,0,0,0,0,0,0,0,0,0,0.622551166,0,0,0,0.633809647,0,0,1,0,0,담솔,95,https://www.sooldamhwa.com/_next/image?url=https%3A%2F%2Fd38cxpfv0ljg7q.cloudfront.net%2Fadmin_contents%2Fthumbnail%2FSWRH-1653554903762-DAM_THUMB.jpg&w=3840&q=75
1,0,0,0.727946724,0.89296783,0,0.759682358,0,0,0.478909284,0,0,0,0,0,0,0,0,0,0,0,0.471951871,0,0,0,0,0,0,0,0.45562709,0.471951871,0,0.303034067,0,0,0,0,0,독산 30%,243,https://www.sooldamhwa.com/_next/image?url=https%3A%2F%2Fd38cxpfv0ljg7q.cloudfront.net%2Fadmin_contents%2Fthumbnail%2FHlhz-1625031092375-%25EB%258F%2585%25EC%2582%25B030-4.jpg&w=3840&q=75
0.522019531,0,0,0.760004815,0.466146648,0,0,0,0.451219158,0,0,0,0,0,0,0,0,0,0,0,0,0.492736189,0,0,0,0,0,0,0,0,0,0,0,0,0,0,0,1,독산 53%,244,https://www.sooldamhwa.com/_next/image?url=https%3A%2F%2Fd38cxpfv0ljg7q.cloudfront.net%2Fadmin_contents%2Fthumbnail%2FlN4D-1625031208274-%25EB%258F%2585%25EC%2582%25B053-5.jpg&w=3840&q=75
0.0879642955,0,0,0.128066641,0.157098572,0,0.133649847,0,0,0,0.148138609,0,0,0,0,0,0,0,0,0,0,0,0,0,0,0,0,0,0.104730718,0,0,1,0,0,0,0,0,0,두레앙 22% X 6병,1112,https://www.sooldamhwa.com/_next/image?url=https%3A%2F%2Fd38cxpfv0ljg7q.cloudfront.net%2Fadmin_contents%2Fthumbnail%2Fq4eY-1634536616141-%25EB%2591%2590%25EB%25A0%2588%25EC%2595%2599%252022.jpg&w=3840&q=75
0.351857182,0,0,0,0,0,0,0,0,0,0.222207913,0,0,0,0,0,0,0,0,0,0,0,0,0,0,0,0,0,0,0,0.166059655,1,0,0,0,0,0,0,두레앙 일반증류주 35%,1113,https://www.sooldamhwa.com/_next/image?url=https%3A%2F%2Fd38cxpfv0ljg7q.cloudfront.net%2Fadmin_contents%2Fthumbnail%2FZgC7-1648430812332-%25EB%2591%2590%25EB%25A0%2588%25EC%2595%2599_%25EC%2588%25A0%25EB%258B%25B4%25ED%2599%2594%25EB%259D%25BC%25EB%25B2%25A8.jpg&w=3840&q=75
1,0,0,0.970595631,0,0,0,0,0,0.638545712,0.280679428,0.277583341,0,0,0,0,0,0,0,0,0,0,0,0,0,0,0,0,0.59530243,0,0.629269161,0,0,0,0,0,0,0,려 고구마 증류소주 25%,357,https://www.sooldamhwa.com/_next/image?url=https%3A%2F%2Fd38cxpfv0ljg7q.cloudfront.net%2Fadmin_contents%2Fthumbnail%2FfPrc-1621493938081-%25EB%25A0%25A4%2520%25EA%25B3%25A0%25EA%25B5%25AC%25EB%25A7%258825.jpg&w=3840&q=75
0.915817937,0,0,1,0,0,0.347865365,0,0,0.877187425,0.578365323,0,0,0,0,0,0,0,0,0,0,0,0,0,0,0,0,0,0,0.417271462,0.432221989,0,0.277524034,0,0,0,0,0,려 고구마 증류소주 40%,358,https://www.sooldamhwa.com/_next/image?url=https%3A%2F%2Fd38cxpfv0ljg7q.cloudfront.net%2Fadmin_contents%2Fthumbnail%2F2jcj-1621494774297-%25EB%25A0%25A4%2520%25EA%25B3%25A0%25EA%25B5%25AC%25EB%25A7%258840.jpg&w=3840&q=75
1,0,0,0.727946724,0,0,0.379841179,0,0,0,0,0.416375011,0,0,0,0,0,0,0,0,0.283610901,0.471951871,0,0,0,0,0,0,0.297651215,0,0,0,0,0,0,0,0,0,려 증류소주 25%,345,https://www.sooldamhwa.com/_next/image?url=https%3A%2F%2Fd38cxpfv0ljg7q.cloudfront.net%2Fadmin_contents%2Fthumbnail%2F4lzx-1620632747342-%25EB%25A0%25A425.jpg&w=3840&q=75
0.391514648,0,0,0.190001204,0,0,0.198284514,0,0,0,0,0,0,0,0,0,0,0,0,0,0,0,0,0,0,0,0,0,0.310759496,0,0,0,0.158189702,0,0,0,0,1,려 증류소주 40%,324,https://www.sooldamhwa.com/_next/image?url=https%3A%2F%2Fd38cxpfv0ljg7q.cloudfront.net%2Fadmin_contents%2Fthumbnail%2FuOc6-1620633119710-%25EB%25A0%25A440.jpg&w=3840&q=75
0,0,0,0,0,0,0.184832779,0,0,0,0.717045699,0.20261034,0,0.62875549,0,0,0,0,0,0,0.276013208,0,0,0,1,0,0,0,0,0,0,0,0.147458022,0,0,0,0,0.699119571,막시모,1107,https://www.sooldamhwa.com/_next/image?url=https%3A%2F%2Fd38cxpfv0ljg7q.cloudfront.net%2Fadmin_contents%2Fthumbnail%2FETSW-1634625638348-%25EB%25A7%2589%25EC%258B%259C%25EB%25AA%25A8.jpg&w=3840&q=75
0.0779047281,0,0,0,0,0,0,0,0,0,0.393592582,0,0,0,0,0,0,0.56716886,0,0,0,0,0,1,0,0,0,0,0.092753748,0,0,0,0,0,0,0,0,0.14923719,만월 24%,1043,https://www.sooldamhwa.com/_next/image?url=https%3A%2F%2Fd38cxpfv0ljg7q.cloudfront.net%2Fadmin_contents%2Fthumbnail%2FkZM4-1654568625074-thumb.jpg&w=3840&q=75
0.124647565,0,0,0,0,0,0,0,0,0,0.209916044,0.103800262,0,0,0,0,0,0.151245029,0,0,0,0,0,1,0,0,0,0,0,0,0,0,0.0755449171,0,0,0,0,0.119389752,만월 40%,1054,https://www.sooldamhwa.com/_next/image?url=https%3A%2F%2Fd38cxpfv0ljg7q.cloudfront.net%2Fadmin_contents%2Fthumbnail%2FlssD-1654568699195-thumb.jpg&w=3840&q=75
0,0,0,0,0,0,0,0,0,0,0.275079397,0.217636065,0,0,1,0,0,0,0,0,0.0741206351,0,0,0,0,0,0,0,0,0,0,0,0,0,0,0,0,0,매실원주,77,https://www.sooldamhwa.com/_next/image?url=https%3A%2F%2Fd38cxpfv0ljg7q.cloudfront.net%2Fadmin_contents%2Fthumbnail%2FLlIC-1637223491979-%25EB%25A7%25A4%25EC%258B%25A4%25EC%259B%2590%25EC%25A3%25BC-2.jpg&w=3840&q=75
0.503945532,0,0,0,0.900014297,0,0,0,0,0,0.282894288,0,0,0,0,0,0.935583384,0,0,0.514204791,0,0,0,0,0,0,0,0,1,0,0,0,0,0,0,0.85668996,0,0,모리,1065,https://www.sooldamhwa.com/_next/image?url=https%3A%2F%2Fd38cxpfv0ljg7q.cloudfront.net%2Fadmin_contents%2Fthumbnail%2Fh7XN-1629446202484-mori1.jpg&w=3840&q=75
0.193479594,0,0,0.281685673,0.345542107,0,0.587932137,0,0.334476755,0,0.325834451,0,0,1,0,0,0,0,0,0,0,0,0,0,0,0,0,0,0.46071549,0.352618178,0,0,0.469047266,0,0,0,0,0.370636696,모월 로 25%,1128,https://www.sooldamhwa.com/_next/image?url=https%3A%2F%2Fd38cxpfv0ljg7q.cloudfront.net%2Fadmin_contents%2Fthumbnail%2Fcd7C-1637224397424-%25EB%25AA%25A8%25EC%259B%2594_%25EB%25A1%259C-2.jpg&w=3840&q=75
1,0,0,0,0,0,0,0,0.432186088,0,0.631528713,0,0,0,0,0,0,0,0,0,0,0,0,0,0,0,0,0,0,0,0,0,0,0,0,0.637487019,0,0.478909284,모월 인 41%,1122,https://www.sooldamhwa.com/_next/image?url=https%3A%2F%2Fd38cxpfv0ljg7q.cloudfront.net%2Fadmin_contents%2Fthumbnail%2F8KYH-1635732656710-%25EB%25AA%25A8%25EC%259B%2594_%25EC%259D%25B8-4.jpg&w=3840&q=75
0.392164848,0,0,0.285475116,0,0,0,0,0.338976383,0,0.165108908,0.653150572,0,0,0,0,0,0,0,0,0,0,0,0,0,0,0,0,0,0,0,0,0.237678618,0,0,1,0,0,무작 30%,1110,https://www.sooldamhwa.com/_next/image?url=https%3A%2F%2Fd38cxpfv0ljg7q.cloudfront.net%2Fadmin_contents%2Fthumbnail%2F6bGB-1634530672030-%25EB%25AC%25B4%25EC%259E%2591%252030.jpg&w=3840&q=75
1,0,0,0,0,0,0,0,0.432186088,0,0.210509571,0.416375011,0,0,0,0,0,0,0,0,0,0.943903742,0,0,0,0,0,0,0.59530243,0,0.471951871,0,0.303034067,0,0,0.637487019,0,0,무작 53%,1109,https://www.sooldamhwa.com/_next/image?url=https%3A%2F%2Fd38cxpfv0ljg7q.cloudfront.net%2Fadmin_contents%2Fthumbnail%2FZKwO-1634530752670-%25EB%25AC%25B4%25EC%259E%2591%252053.jpg&w=3840&q=75
0.158044989,0,0,0,0.282258182,0,0.960511919,0,0,0,0.266159863,0,0,0,0,0,0,0,1,0,0.717172507,0,0,0,0,0,0,0,0,0.288038313,0,0,0.766288252,0,0,0,0,0,문경바람 백자 25%,1019,https://www.sooldamhwa.com/_next/image?url=https%3A%2F%2Fd38cxpfv0ljg7q.cloudfront.net%2Fadmin_contents%2Fthumbnail%2Fec5p-1641374336428-mgbr%2520b25%25200.jpg&w=3840&q=75
0.118533742,0,0,0,0,0,0,0,0,0,0.0998099485,0.098708976,0,0,0,0,0,0,1,0,0,0,0,0,0,0,0,0,0.0705634245,0,0.111884442,0,0,0,0,0,0,0.227067637,문경바람 백자 40%,90,https://www.sooldamhwa.com/_next/image?url=https%3A%2F%2Fd38cxpfv0ljg7q.cloudfront.net%2Fadmin_contents%2Fthumbnail%2FQmBw-1641378222746-mgbr%2520b40%25200.jpg&w=3840&q=75
0.0816706917,0,0,0,0.0729293004,0,0.124087567,0,0,0.078225705,0,0,0,0,0,0,0,0,0.17225199,1,0.0926507939,0,0,0,0,0,0,0,0.0486187613,0,0,0,0.0989960075,0,0.0832560233,0,0,0,문경바람 오크 25%,1021,https://www.sooldamhwa.com/_next/image?url=https%3A%2F%2Fd38cxpfv0ljg7q.cloudfront.net%2Fadmin_contents%2Fthumbnail%2FV5nB-1641374193117-mgbr%2520o25%25200.jpg&w=3840&q=75
0.261346214,0,0,0,0,0,0,0,0,0,0.0550158793,0,0,0,0,0,0,0,0.964611147,1,0,0,0,0,0,0,0,0,0.0777900181,0.119076415,0.246685669,0,0,0,0,0,0,0.250322256,문경바람 오크 40%,89,https://www.sooldamhwa.com/_next/image?url=https%3A%2F%2Fd38cxpfv0ljg7q.cloudfront.net%2Fadmin_contents%2Fthumbnail%2FyJy2-1641378321723-mgbr%2520o40%25200.jpg&w=3840&q=75
0.522019531,0,0,0,0.466146648,0,0,0,0,1,0.439560431,0.434711776,0,0,0,0,0,0,0.550496766,0,0,0,0,0,0,0,0,0,0.310759496,0,0,0,0,0,0,0,0,0,문배술 40%,162,https://www.sooldamhwa.com/_next/image?url=https%3A%2F%2Fd38cxpfv0ljg7q.cloudfront.net%2Fadmin_contents%2Fthumbnail%2FmKqs-1626679084535-%25EB%25AC%25B8%25EB%25B0%25B0%25EC%2588%25A040-4_%25EC%258D%25B8%25EB%2584%25A4%25EC%259D%25BC.jpg&w=3840&q=75
0,0,0,0.421084079,0.516541286,0,0,0,1,0,0.730621289,0,0,0,0,0,0,0,0,0,0,0,0,0,0,0,0,0,0.688710774,0,0,0,0,0,0,0,0,0,미르 25%,67,https://www.sooldamhwa.com/_next/image?url=https%3A%2F%2Fd38cxpfv0ljg7q.cloudfront.net%2Fadmin_contents%2Fthumbnail%2Fazh7-1626522263081-%25EB%25AF%25B8%25EB%25A5%25B425-5.jpg&w=3840&q=75
0.867681794,0,0,0.842168159,0.516541286,0,0,0,1,0,0.48708086,0.481708022,0,0,0,0,0,0,0,0,0,0,0,0,0,0,0,0,0.688710774,0,0.546005395,0,0.701165714,0,0,0,0,0,미르 40%,1016,https://www.sooldamhwa.com/_next/image?url=https%3A%2F%2Fd38cxpfv0ljg7q.cloudfront.net%2Fadmin_contents%2Fthumbnail%2FWv6h-1623071179811-%25EB%25AF%25B8%25EB%25A5%25B440-5.jpg&w=3840&q=75
1,0,0,0,0,0,0,0,0.576248117,0,0.561358856,0,0,0,0,0,0,0,0,0,0,0,0,0,0,0,0,0,0,0,0,0,0.404045422,0,0,0,0,0.638545712,미르 54%,1018,https://www.sooldamhwa.com/_next/image?url=https%3A%2F%2Fd38cxpfv0ljg7q.cloudfront.net%2Fadmin_contents%2Fthumbnail%2F6NAi-1626521606041-%25EB%25AF%25B8%25EB%25A5%25B454-6.jpg&w=3840&q=75
0.386959188,0,0,0,0,0,0.587932137,0,0,0,0.162917225,0,0,1,0,0,0,0,0.204034302,0.296127641,0.438983376,0,0,0,0,0,0,0,0.115178873,0,0,0,0.703570899,0,0,0,0,0,미상 25%,327,https://www.sooldamhwa.com/_next/image?url=https%3A%2F%2Fd38cxpfv0ljg7q.cloudfront.net%2Fadmin_contents%2Fthumbnail%2FBL4F-1620622982148-%25EB%25AF%25B8%25EC%2583%2581.jpg&w=3840&q=75
0,0,0,0,0,0,0.264379352,0.953580323,0,0.333333333,0.439560431,0,0,0,0,0,0,0,0,0,0.197400573,0.328490792,0,0,0,0,0,0.476790162,0.207172997,0,0,0,0,0,0,0,0,1,밀담 24%,325,https://www.sooldamhwa.com/_next/image?url=https%3A%2F%2Fd38cxpfv0ljg7q.cloudfront.net%2Fadmin_contents%2Fthumbnail%2F1BcY-1654855665164-thumb.jpg&w=3840&q=75
0,0,0,0,0,0,0.184832779,1,0,0.233039857,0.4097404,0,0,0,0,0,0,0,0,0,0.138006604,0,0,0,0,0,0,0.333333333,0,0,0,0,0.147458022,0,0,0,0,0.932159428,밀담 40%,326,https://www.sooldamhwa.com/_next/image?url=https%3A%2F%2Fd38cxpfv0ljg7q.cloudfront.net%2Fadmin_contents%2Fthumbnail%2Fr9a3-1653530958733-mildam40_thumbnail.jpg&w=3840&q=75
0.339312702,0,0,0,0,0,0,0.464870417,0,0,1,0,0,0,0,0,0,0,0,0,0,0,0,0,0,0,0,0.464870417,0,0,0,0,0,0,0,0,0,0.97500002,밀담 52%,1085,https://www.sooldamhwa.com/_next/image?url=https%3A%2F%2Fd38cxpfv0ljg7q.cloudfront.net%2Fadmin_contents%2Fthumbnail%2FLZJq-1654855584983-thumb.jpg&w=3840&q=75
0.311618912,0,0,0.302455955,0.556531328,0,0,0,0,0,0,0.173000437,0,0,0,0,0,0,0,0,0,0,0,1,0,0,0,0,0,0,0,0,0,0,0,0,0,0.397965841,병영설성 사또,182,https://www.sooldamhwa.com/_next/image?url=https%3A%2F%2Fd38cxpfv0ljg7q.cloudfront.net%2Fadmin_contents%2Fthumbnail%2F5OO7-1659321104818-0.jpg&w=3840&q=75
0.373287057,0,0,0.407599635,1,0,0,0,0,0,0.0785804983,0.310854805,0,0,0,0,0,0,0,0,0,0,0,0,0,0,0,0,0.111109346,0,0,0,0,0,0,0,0,0.357541274,병영소주,181,https://www.sooldamhwa.com/_next/image?url=https%3A%2F%2Fd38cxpfv0ljg7q.cloudfront.net%2Fadmin_contents%2Fthumbnail%2Fw1fG-1659321176011-0.jpg&w=3840&q=75
0.783029297,0,0,0,0,0,0,0,0,1,0,0,0,0.337257486,0,0,0,0,0,0,0,0.246368094,0,0,0,0,0.363426776,0,0.310759496,0,0.246368094,0,0.158189702,0,0,0,0.363426776,0,부자진,255,https://www.sooldamhwa.com/_next/image?url=https%3A%2F%2Fd38cxpfv0ljg7q.cloudfront.net%2Fadmin_contents%2Fthumbnail%2Fd2jZ-1657597894014-00.jpg&w=3840&q=75
0.359095398,0,0,0,0,0,0,0,0,0.687896481,0.302372073,0,0,0.463996475,0,0,0,0,0,0,0,0,0,0,0.983946823,0,0.5,0,0.427540727,0,0,0,0.217636278,0,0,0.45783731,1,0,부자진 오미자,353,https://www.sooldamhwa.com/_next/image?url=https%3A%2F%2Fd38cxpfv0ljg7q.cloudfront.net%2Fadmin_contents%2Fthumbnail%2FiLeI-1620371860520-%25EB%25B6%2580%25EC%259E%2590%25EC%25A7%2584.jpg&w=3840&q=75
0.239396932,0,0,0,0,0,0,0,0,0,0,0.398715601,0,0,0,0,0,0,0,0,0,0,0,0,0,0,1,0,0.142513576,0,0,0,0,0,0,0,0,0,삼천갑자 동방주,1074,https://www.sooldamhwa.com/_next/image?url=https%3A%2F%2Fd38cxpfv0ljg7q.cloudfront.net%2Fadmin_contents%2Fthumbnail%2FNxI2-1629958689276-%25E1%2584%2589%25E1%2585%25A1%25E1%2586%25B7%25E1%2584%258E%25E1%2585%25A5%25E1%2586%25AB%25E1%2584%2580%25E1%2585%25A1%25E1%2586%25B8%25E1%2584%258C%25E1%2585%25A1%25E1%2584%2583%25E1%2585%25A9%25E1%2586%25BC%25E1%2584%2587%25E1%2585%25A1%25E1%2586%25BC%25E1%2584%258C%25E1%2585%25AE%2520%25E1%2584%2583%25E1%2585%25A1%25E1%2586%25AB%25E1%2584%2591%25E1%2585%25AE%25E1%2586%25B7-4.jpg&w=3840&q=75
0.098041212,0,0,0.142737558,0,0,0.148960358,0,0.0847440958,0,0,0,0,0,0,0,0,0,0,0,0,0.185082934,0,0,0,0,0,0,0,0,0,0,0.118839309,0,0,1,0,0.187811387,상록수 40%,1223,https://www.sooldamhwa.com/_next/image?url=https%3A%2F%2Fd38cxpfv0ljg7q.cloudfront.net%2Fadmin_contents%2Fthumbnail%2F4aCU-1650603203501-1.jpg&w=3840&q=75
0.130673107,0,0,0,0.350060642,0,0.297810162,0,0,0,0.0550158793,0,0,0,1,0,0,0.158556309,0,0,0,0,0,0,0,0,0,0,0.0777900181,0,0,0,0.079196806,0,0,0,0,0,서울의 밤,70,https://www.sooldamhwa.com/_next/image?url=https%3A%2F%2Fd38cxpfv0ljg7q.cloudfront.net%2Fadmin_contents%2Fthumbnail%2FeluC-1637227145655-%25EC%2584%259C%25EC%259A%25B8%25EC%259D%2598%25EB%25B0%25A4.jpg&w=3840&q=75
0.206247438,0,0,0.900822882,0,0,0,0,0,0,0.347336478,0.687010235,0,0,0,0,0,0,0,0,0,0,0,0,0,0,0,0,0.491118405,0,0,0,1,0,0,0,0,0,솔섬 17%,1105,https://www.sooldamhwa.com/_next/image?url=https%3A%2F%2Fd38cxpfv0ljg7q.cloudfront.net%2Fadmin_contents%2Fthumbnail%2FnTtJ-1634014502860-%25EC%2586%2594%25EC%2584%25AC%2B17.jpg&w=3840&q=75
1,0,0,0.291178689,0,0,0,0,0,0,0.168407657,0.333100009,0,0,0,0,0,0,0,0,0,0,0,0,0,0,0.556955062,0,0.238120972,0,0,0,0.72728176,0,0,0.509989615,0,0.383127427,솔섬 25%,1106,https://www.sooldamhwa.com/_next/image?url=https%3A%2F%2Fd38cxpfv0ljg7q.cloudfront.net%2Fadmin_contents%2Fthumbnail%2FdxJC-1634014549614-%25EC%2586%2594%25EC%2584%25AC%2B25.jpg&w=3840&q=75
0.0912385177,0,0,0,0,0,0.138624585,0,0,0.524339678,0.0768263249,0.151957755,0,0,0,0,0,0,0,0,0.103504953,0,0,0,1,0,0,0,0.108629023,0.332565923,0,0,0.110593516,0,0.186019146,0,0,0,술샘16,66,https://www.sooldamhwa.com/_next/image?url=https%3A%2F%2Fd38cxpfv0ljg7q.cloudfront.net%2Fadmin_contents%2Fthumbnail%2F4vBj-1651137203578-1.jpg&w=3840&q=75
0.0897738496,0,0,0.130701159,0,0,0,0,0,0,0.226779055,0,0,0,0,0,0,0,0,0,0,0,0,0,0,0,1,0,0,0,0,0,0.217636278,0,0,0,0,0,술샘19,299,https://www.sooldamhwa.com/_next/image?url=https%3A%2F%2Fd38cxpfv0ljg7q.cloudfront.net%2Fadmin_contents%2Fthumbnail%2F7tBC-1621257913254-%25EC%2588%25A0%25EC%2583%2598%252019.jpg&w=3840&q=75
0.0359095398,0,0,0,0,0,0,0,0,0.0687896481,0,0,0,0,0,0,1,0,0,0,0,0.067790298,0,0,0,0,0,0,0.0855081454,0,0,0,0.0435272556,0,0,0.091567462,0,0.137579296,안동 국화주 32%,1216,https://www.sooldamhwa.com/_next/image?url=https%3A%2F%2Fd38cxpfv0ljg7q.cloudfront.net%2Fadmin_contents%2Fthumbnail%2F2H7p-1650536132451-1.jpg&w=3840&q=75
0.559930585,0.87667077,0,0.407599635,1,0,0,0,0,0.536311912,0.235741495,0,0,0,0,0,0,0,0,0,0,0,0,0,0,0,0,0,0.666656077,0,0,0,0.339356085,0,0,0,0,0,안동소주 일품 17% [6병/12병],333,https://www.sooldamhwa.com/_next/image?url=https%3A%2F%2Fd38cxpfv0ljg7q.cloudfront.net%2Fadmin_contents%2Fthumbnail%2FAAqb-1620622131911-17.jpg&w=3840&q=75
0.457908969,0.716937811,0,1,0,0,0,0,0,0,0,0,0,0,0,0,0,0,0,0,0.25973595,0,0,0,0,0,0,0,0,0,0,0,0,0,0,0,0,0,안동소주 일품 21% [6병/12병],334,https://www.sooldamhwa.com/_next/image?url=https%3A%2F%2Fd38cxpfv0ljg7q.cloudfront.net%2Fadmin_contents%2Fthumbnail%2Fsn6G-1620622148859-21.jpg&w=3840&q=75
0.228954484,0.716937811,0,1,0.408897978,0,0,0,0,0.438593713,0,0,0,0.591676051,0,0,0,0,0,0,0,0,0,0,0,0,0,0,0.272594322,0,0,0,0.277524034,0,0,0,0,0.438593713,안동소주 일품 40% [6병/12병],335,https://www.sooldamhwa.com/_next/image?url=https%3A%2F%2Fd38cxpfv0ljg7q.cloudfront.net%2Fadmin_contents%2Fthumbnail%2FfgcB-1620622174560-40.jpg&w=3840&q=75
0.794572547,0,0,0,0,0,0,0,0,0,0.446040336,0,0,0,0,0,0,0,0,0.810748354,0,0.5,0,0,0,0,0,0,0,0,1,0,0.3210434,0,0,0,0,0,안동소주 일품 40% 골드,1092,https://www.sooldamhwa.com/_next/image?url=https%3A%2F%2Fd38cxpfv0ljg7q.cloudfront.net%2Fadmin_contents%2Fthumbnail%2FlErl-1631177325627-%25EC%2595%2588%25EB%258F%2599%25EC%2586%258C%25EC%25A3%25BC%2B%25EC%259D%25BC%25ED%2592%2588%2B%25EA%25B3%25A8%25EB%2593%259C-4.jpg&w=3840&q=75
0.559930585,0,0,0.54346618,1,0,0,0,0,0,0,0,0,0,0,0,0,0,0.787301261,0,0,0,0,0,0,0,0,0,0,0,0,0,0,0,0,0,0,0.357541274,양조학당 애,1129,https://www.sooldamhwa.com/_next/image?url=https%3A%2F%2Fd38cxpfv0ljg7q.cloudfront.net%2Fadmin_contents%2Fthumbnail%2F5Y2J-1637224490543-%25EC%2596%2591%25EC%25A1%25B0%25ED%2595%2599%25EB%258B%25B9%2520%25EC%2595%25A0.jpg&w=3840&q=75
0.522019531,0,0,0,0.310764432,0,0,0,0,0,0.293040287,0,0,0,0,0.938912091,0,0,0,0,0,0,0.925037133,0,0,0,0,0,0,0,0.328490792,0,0,0,0,0,0,1,여유 40%,1165,https://www.sooldamhwa.com/_next/image?url=https%3A%2F%2Fd38cxpfv0ljg7q.cloudfront.net%2Fadmin_contents%2Fthumbnail%2FrNEn-1639643729412-yy0.jpg&w=3840&q=75
0.915817937,0,0.734725895,1,0.817795956,0,0,0,0,0,0.192788441,0,0,0,0,0,0,0,0,0,0,0,0,0,0,0,0,0,0.272594322,0,0.432221989,0,0,0,0,0,0,0.877187425,왕율주 33% X 4병,276,https://www.sooldamhwa.com/_next/image?url=https%3A%2F%2Fd38cxpfv0ljg7q.cloudfront.net%2Fadmin_contents%2Fthumbnail%2FpfcY-1654681157885-thumb.jpg&w=3840&q=75
0.250810127,0,0,0.18257641,0,0,0.381072057,0,0,0,0.105595864,0,0,0,0.383874131,0.338333117,0,0,0,0,0,0,1,0,0,0,0,0,0,0,0,0,0,0,0,0,0,0,용봉소주 25% [2병/3병],1190,https://www.sooldamhwa.com/_next/image?url=https%3A%2F%2Fd38cxpfv0ljg7q.cloudfront.net%2Fadmin_contents%2Fthumbnail%2FTOPK-1645437627356-%25EC%259A%25A9%25EB%25B4%2589%25EC%2586%258C%25EC%25A3%25BC.jpg&w=3840&q=75
0.824989753,0,0,0.600548588,0.73668931,0,0.626730161,0,0,0,0.347336478,0,0,0,0,0,0,0,0,0,0,0,0,0,0,0,0,0,0,0,0,0,1,0,0,0,0,0.790190504,이도 22%,115,https://www.sooldamhwa.com/_next/image?url=https%3A%2F%2Fd38cxpfv0ljg7q.cloudfront.net%2Fadmin_contents%2Fthumbnail%2FfO9j-1623070877992-%25EC%259D%25B4%25EB%258F%258422-4.jpg&w=3840&q=75
0.343431726,0,0,1,0.306673484,0,0,0,0,0,0.433773993,0,0,0,0,0,0,0,0,0,0,0,0,0,0,0,0,0,0.408891483,0,0,0,0,0,0,0,0,0,이도 25%,1012,https://www.sooldamhwa.com/_next/image?url=https%3A%2F%2Fd38cxpfv0ljg7q.cloudfront.net%2Fadmin_contents%2Fthumbnail%2Fv6R8-1623071108455-%25EC%259D%25B4%25EB%258F%258425-5.jpg&w=3840&q=75
0.257972792,0,0,0.375580898,0,0,0,0,0,0,0.217222967,0,0,1,0,0,0,0,0,0,0,0,0,0,0,0,0,0,0.15357183,0,0,0,0,0,0.788941112,0,0,0.494182261,이도 32%,1013,https://www.sooldamhwa.com/_next/image?url=https%3A%2F%2Fd38cxpfv0ljg7q.cloudfront.net%2Fadmin_contents%2Fthumbnail%2FTAuT-1623071134077-%25EC%259D%25B4%25EB%258F%258432-4.jpg&w=3840&q=75
0.395864819,0,0,0.576336996,0,0,0,0,0,0,1,0,0,0,0,0,0,0,0,0,0,0,0,0,0,0,0,0,0,0,0,0,0.959684209,0,0,0,0,0,이도 42%,1014,https://www.sooldamhwa.com/_next/image?url=https%3A%2F%2Fd38cxpfv0ljg7q.cloudfront.net%2Fadmin_contents%2Fthumbnail%2FyZxr-1623071151606-%25EC%259D%25B4%25EB%258F%258442-5.jpg&w=3840&q=75
0,0,0,0,0,0,0,0,0,0,0.660435632,0,0,0,0,0,0,0,0,0,0,0,0,0,0,0,0,0,0.466913374,0,0,0,0,0,0,1,0,0.751245547,진도 아리랑 홍주 40%,1167,https://www.sooldamhwa.com/_next/image?url=https%3A%2F%2Fd38cxpfv0ljg7q.cloudfront.net%2Fadmin_contents%2Fthumbnail%2FRAOD-1640251151610-%25EC%25A7%2584%25EB%258F%2584%2520%25EC%2595%2584%25EB%25A6%25AC%25EB%259E%2591%2520%25ED%2599%258D%25EC%25A3%25BC.jpg&w=3840&q=75
0.915817937,0,0,1,0.408897978,0,0.347865365,0,0,0,0.192788441,0.381323704,0,0,0,0,0,0,0.48288884,0,0.25973595,0,0,0,0,0,0,0,0.272594322,0,0,0,0.277524034,0,0,0,0,0,진맥소주 22%,475,https://www.sooldamhwa.com/_next/image?url=https%3A%2F%2Fd38cxpfv0ljg7q.cloudfront.net%2Fadmin_contents%2Fthumbnail%2FJbzv-1625726727776-%25EC%25A7%2584%25EB%25A7%25A522-4.png&w=3840&q=75
1,0,0,0.727946724,0.446483915,0,0,0,0,0,0.210509571,0.416375011,0,0,0,0,0,0,0,0,0,0,0,0,0,0,0,0,0.59530243,0.45562709,0,0,0,0,0,0,0,0.478909284,진맥소주 40%,227,https://www.sooldamhwa.com/_next/image?url=https%3A%2F%2Fd38cxpfv0ljg7q.cloudfront.net%2Fadmin_contents%2Fthumbnail%2FwD5v-1626589439410-%25EC%25A7%2584%25EB%25A7%25A540-6.png&w=3840&q=75
1,0,0,0,0.714374264,0,0,0,0,0,0.168407657,0.333100009,0,0,0,0,0,0,0,0,0,0,0,0,0,0,0,0,0,0,0,0,0,0,0,0,0,0.383127427,진맥소주 53%,1008,https://www.sooldamhwa.com/_next/image?url=https%3A%2F%2Fd38cxpfv0ljg7q.cloudfront.net%2Fadmin_contents%2Fthumbnail%2FEoKZ-1626589456472-%25EC%25A7%2584%25EB%25A7%25A553-3.png&w=3840&q=75
1,0,0,0.727946724,0,0,0,0,0.864372176,0,0,0.416375011,0,0,0,0,0,0,0,0,0,0,0,0,0,0,0,0,0,0,0,0,0,0,0,0,0,0.478909284,천비향 화주,85,https://www.sooldamhwa.com/_next/image?url=https%3A%2F%2Fd38cxpfv0ljg7q.cloudfront.net%2Fadmin_contents%2Fthumbnail%2FXpFS-1662101466971-0.jpg&w=3840&q=75
0.435577023,0,0,0,0,0,0.16545009,0,0,0.20860188,0.275079397,0,0,0,0,0,0,0,0.918677283,1,0,0,0,0,0,0,0,0,0,0,0,0,0,0,0,0.277674698,0,0.20860188,추사 40%,81,https://www.sooldamhwa.com/_next/image?url=https%3A%2F%2Fd38cxpfv0ljg7q.cloudfront.net%2Fadmin_contents%2Fthumbnail%2FPmvo-1654844288132-THUMB.jpg&w=3840&q=75
0.14224049,0,0,0,0,0,0,0,0.0819658145,0,0.0798479588,0,0,0,0,0,0,0,1,0,0,0.0895075538,0,0,0,0,0,0,0.0564507396,0,0,0,0.0574716189,0,0,0,0,0.18165411,추사 백 25%,1063,https://www.sooldamhwa.com/_next/image?url=https%3A%2F%2Fd38cxpfv0ljg7q.cloudfront.net%2Fadmin_contents%2Fthumbnail%2FLgxu-1629700407692-%25EC%25B6%2594%25EC%2582%25AC%25EB%25B0%25B1-1.jpg&w=3840&q=75
0.0267823425,0,0,0.0779844739,0,1,0,0,0,0.0513052499,0.090207031,0.0446059926,0,0,0,0,0,0,0,0,0,0,0,0,0,0,0,0,0,0,0,0,0,0,0,0,0,0.1026105,커피냑,280,https://www.sooldamhwa.com/_next/image?url=https%3A%2F%2Fd38cxpfv0ljg7q.cloudfront.net%2Fadmin_contents%2Fthumbnail%2FyDJF-1655866026401-thumb.jpg&w=3840&q=75
0,0,0,0.842168159,0,0,0,0,1,0,0,0.481708022,0,0,0,0,0,0,0,0,0,0.546005395,0,0,0,0,0,0,0.688710774,0,0,0,0,0,0,0,0,0.554054489,토박이 소곡화주,312,https://www.sooldamhwa.com/_next/image?url=https%3A%2F%2Fd38cxpfv0ljg7q.cloudfront.net%2Fadmin_contents%2Fthumbnail%2FVxM2-1621006714638-%25EC%2586%258C%25EA%25B3%25A1%25ED%2599%2594%25EC%25A3%25BC.jpg&w=3840&q=75
0.394901891,0,0,0.191645025,0,0,1,0,0.455122943,0.252162909,0,0,0,0,0,0,0,0,0.277629732,0,0.298662616,0,0,0,0,0,0,0,0.156724037,0,0,0,0.478674904,0,0,0,0,0,한주 25%,1166,https://www.sooldamhwa.com/_next/image?url=https%3A%2F%2Fd38cxpfv0ljg7q.cloudfront.net%2Fadmin_contents%2Fthumbnail%2FqnDa-1639644710037-hj0.jpg&w=3840&q=75
